Lat,Lon,Altitude-meters,Distance-meters,Distance-meters-delta,Distance-miles,Distance-miles-delta
30.27784389,-97.73914807,166.926025,1.36883485,1.36883485,0.0008505543,0.0008505543
30.27818302,-97.73895605,165.484131,43.516674,42.14783915,0.0270399992,0.0261894449
30.27847915,-97.73886183,169.810059,77.5074158,33.9907418,0.0481608605,0.0211208612
30.27890545,-97.73875287,187.59436,125.54512,48.0377042,0.0780100968,0.0298492362
30.27916588,-97.73857165,196.726929,159.680466,34.135346,0.0992208108,0.0212107141
30.27957735,-97.73841223,180.865234,208.420425,48.739959,0.1295064079,0.030285597
30.27998655,-97.73827082,170.771362,255.743637,47.323212,0.1589116795,0.0294052716
30.28035854,-97.73814585,165.484131,298.86142,43.117783,0.1857038194,0.0267921399
30.2805064,-97.73789842,161.638916,339.107788,40.246368,0.2107117453,0.0250079259
30.28035728,-97.73748754,156.832153,381.856049,42.748261,0.237274275,0.0265625296
30.28020188,-97.73701848,150.583618,430.16925,48.313201,0.267294697,0.030020422
30.28006953,-97.73652378,149.622314,480.039886,49.870636,0.298282864,0.030988167
30.27994246,-97.73613545,148.661011,519.933167,39.893281,0.3230713919,0.0247885279
30.27978824,-97.73589539,149.141602,553.768799,33.835632,0.3440958724,0.0210244805
30.27950065,-97.73598592,149.141602,587.082397,33.313598,0.3647959761,0.0207001037
30.27917644,-97.7361031,152.025757,624.778259,37.695862,0.3882190916,0.0234231154
30.27890227,-97.73621793,157.312866,657.053223,32.274964,0.4082738182,0.0200547267
30.27859264,-97.73636327,165.484131,694.327393,37.27417,0.4314349065,0.0231610883
30.27827295,-97.73651976,169.329468,732.878357,38.550964,0.4553893576,0.0239544511
30.2779412,-97.73660752,162.600098,770.475159,37.596802,0.47875092,0.0233615625
30.27763794,-97.73667055,153.467651,804.643372,34.168213,0.4999820567,0.0212311367
30.27731314,-97.73675714,149.622314,841.316406,36.673034,0.5227696165,0.0227875598
30.27695188,-97.73689603,151.544922,883.688293,42.371887,0.5490982783,0.0263286618
30.27666807,-97.73703676,150.103027,917.899719,34.211426,0.5703562663,0.021257988
30.27631586,-97.73719073,150.583618,959.670105,41.770386,0.5963111728,0.0259549065
30.27598788,-97.73731227,151.064209,997.863098,38.192993,0.6200431911,0.0237320183
30.27559343,-97.73746423,153.948364,1044.22644,46.363342,0.6488520272,0.0288088362
30.27526259,-97.73758619,156.832153,1082.71216,38.48572,0.6727659376,0.0239139103
30.27483755,-97.73774427,154.909546,1132.401,49.68884,0.7036411418,0.0308752042
30.27457964,-97.73784393,157.312866,1162.60217,30.20117,0.722407273,0.0187661312
30.2742395,-97.73798525,168.848755,1202.495,39.89283,0.7471955206,0.0247882477
30.27390833,-97.73810612,172.69397,1240.91907,38.42407,0.7710711234,0.0238756028
30.27354548,-97.73824962,170.290649,1283.47986,42.56079,0.7975171641,0.0264460406
30.27318338,-97.73839949,168.848755,1326.15039,42.67053,0.824031394,0.0265142299
30.2728383,-97.73851574,168.368042,1365.98853,39.83814,0.8487856589,0.0247542649
30.27244267,-97.73869134,178.942627,1413.12183,47.1333,0.8780729246,0.0292872657
30.27223572,-97.73888757,179.423218,1446.36536,33.24353,0.8987294901,0.0206565655
30.27234653,-97.73928512,177.981201,1486.48291,40.11755,0.9236573723,0.0249278821
30.2724648,-97.73969424,172.69397,1527.85938,41.37647,0.9493675108,0.0257101385
30.27252196,-97.73992742,169.810059,1551.17676,23.31738,0.9638562545,0.0144887437
30.27260335,-97.74019615,165.484131,1578.57507,27.39831,0.9808807698,0.0170245153
30.27265306,-97.74042774,164.522705,1601.58398,23.00891,0.9951778392,0.0142970694
30.27274115,-97.74078422,160.196899,1637.22339,35.63941,1.0173231351,0.0221452958
30.27281726,-97.74111573,156.832153,1670.16467,32.94128,1.0377918912,0.0204687561
30.27291784,-97.74151739,156.351562,1710.36926,40.20459,1.0627738575,0.0249819663
30.27302404,-97.7419452,157.312866,1753.21021,42.84095,1.0893939814,0.0266201239
30.27313812,-97.74235767,158.754761,1794.8623,41.65209,1.1152753822,0.0258814008
30.27324247,-97.7427362,159.716187,1833.0354,38.1731,1.1389950395,0.0237196574
30.27335336,-97.74314633,161.158203,1874.40662,41.37122,1.1647019159,0.0257068763
30.27346392,-97.74356433,162.600098,1916.46472,42.0581,1.1908355995,0.0261336836
30.27355654,-97.74398242,166.926025,1958.03638,41.57166,1.2166670235,0.0258314239
30.27365612,-97.74447855,165.003418,2007.19238,49.156,1.2472111364,0.0305441129
30.27327952,-97.74471592,169.329468,2055.82568,48.6333,1.2774304586,0.0302193223
30.27293595,-97.74486353,173.655273,2096.57422,40.74854,1.3027504197,0.0253199611
30.27255222,-97.74500518,171.732666,2141.26782,44.6936,1.3305217266,0.0277713069
30.27214092,-97.74514725,169.329468,2189.05908,47.79126,1.3602178296,0.029696103
30.27176675,-97.74526485,165.003418,2232.10254,43.04346,1.3869637874,0.0267459578
30.27138999,-97.74539838,167.887329,2275.80591,43.70337,1.4141197941,0.0271560067
30.27107022,-97.7455288,175.09729,2313.08276,37.27685,1.4372825477,0.0231627536
30.27077124,-97.74571672,204.898071,2350.1897,37.10694,1.4603397241,0.0230571764
30.2705031,-97.74580129,206.820679,2381.29004,31.10034,1.4796645734,0.0193248493
30.27029816,-97.74585159,192.881714,2404.76978,23.47974,1.494254203,0.0145896295
30.26999457,-97.74601386,186.152466,2441.39258,36.6228,1.5170105488,0.0227563459
30.26977035,-97.74612517,186.152466,2468.09814,26.70556,1.5336046093,0.0165940605
30.26934279,-97.74626389,182.787842,2517.34399,49.24585,1.5642045524,0.0305999431
30.26898564,-97.74641887,186.633179,2559.81714,42.47315,1.5905961361,0.0263915837
30.26867869,-97.74653588,178.942627,2595.65088,35.83374,1.612862183,0.0222660469
30.26827066,-97.74665046,173.174683,2641.73047,46.07959,1.6414947039,0.028632521
30.26790245,-97.74677628,161.638916,2684.198,42.46753,1.6678827955,0.0263880915
30.26767395,-97.74684509,158.27417,2710.3728,26.1748,1.6841470571,0.0162642617
30.26729459,-97.74699932,162.600098,2754.2312,43.8584,1.711399395,0.0272523379
30.266962,-97.74709554,163.080811,2792.35132,38.12012,1.7350861321,0.023686737
30.26643142,-97.74743954,190.958984,2836.92188,44.57056,1.7627809855,0.0276948534
30.26597285,-97.74739293,190.958984,2885.14355,48.22167,1.7927445328,0.0299635474
30.26562626,-97.74759829,199.61084,2927.27417,42.13062,1.8189232783,0.0261787455
30.26534915,-97.74773299,204.41748,2959.11523,31.84106,1.8387083896,0.0197851113
30.2649604,-97.74795637,195.765625,3005.53003,46.4148,1.8675492003,0.0288408107
30.26467265,-97.74795829,189.997681,3036.6853,31.15527,1.8869081815,0.0193589813
30.26435489,-97.74785344,162.600098,3077.0957,40.4104,1.9120180322,0.0251098507
30.26420217,-97.74752059,140.489868,3113.36084,36.26514,1.9345521385,0.0225341063
30.26407326,-97.74718372,137.605835,3148.78418,35.42334,1.9565631747,0.0220110362
30.26394292,-97.74679178,143.85437,3189.1543,40.37012,1.9816479965,0.0250848219
30.26379514,-97.74636514,157.312866,3233.75317,44.59887,2.009360441,0.0277124444
30.26368727,-97.74598276,177.50061,3272.57397,38.8208,2.0334825603,0.0241221193
30.26355995,-97.74562896,207.782104,3309.26685,36.69288,2.0562824519,0.0227998915
30.26340974,-97.74530098,155.870972,3344.81616,35.54931,2.0783717622,0.0220893103
30.26329273,-97.7449279,128.954102,3382.95288,38.13672,2.102068814,0.0236970518
30.26308159,-97.74473109,124.628052,3414.89868,31.9458,2.1219190077,0.0198501937
30.26271757,-97.74492128,142.893066,3458.69092,43.79224,2.1491302357,0.0272112279
30.26231926,-97.74507224,150.103027,3505.20386,46.51294,2.1780320277,0.0289017921
30.26193587,-97.74519285,145.7771,3549.27954,44.07568,2.205419377,0.0273873494
30.26156983,-97.74532512,146.738403,3591.82227,42.54273,2.2318541957,0.0264348187
30.26123623,-97.74545738,148.661011,3630.97681,39.15454,2.2561836914,0.0243294957
30.26083658,-97.74560063,147.218994,3677.43994,46.46313,2.285054533,0.0288708416
30.26050692,-97.74575486,152.506348,3716.93408,39.49414,2.3095950462,0.0245405132
30.26008992,-97.74588008,147.218994,3764.66431,47.73023,2.339253227,0.0296581808
30.25970402,-97.7460235,143.85437,3809.61841,44.9541,2.367186401,0.0279331741
30.25935047,-97.74616976,141.45105,3851.26831,41.6499,2.3930664411,0.02588004
30.25908669,-97.74627076,139.528442,3882.13037,30.86206,2.4122432301,0.0191767891
30.25885619,-97.74635953,138.086548,3909.20752,27.07715,2.4290681859,0.0168249558
30.25847632,-97.74651485,142.893066,3953.69214,44.48462,2.4567096387,0.0276414528
30.25818329,-97.74662859,139.528442,3987.59814,33.906,2.4777778438,0.0210682051
30.25781818,-97.74674468,137.125244,4029.41016,41.81202,2.5037586205,0.0259807767
30.25741987,-97.74689413,134.721924,4075.77466,46.3645,2.5325681763,0.0288095557
30.25718467,-97.74698222,134.721924,4103.18994,27.41528,2.5496032362,0.0170350599
30.25678603,-97.74713427,136.16394,4149.72168,46.53174,2.57851671,0.0289134738
30.25643114,-97.74726796,137.125244,4191.10986,41.38818,2.6042341248,0.0257174148
30.25615227,-97.74739117,140.009155,4224.20166,33.0918,2.6247964097,0.0205622848
30.25578112,-97.74752185,141.45105,4267.26758,43.06592,2.6515563235,0.0267599138
30.25544182,-97.74764246,142.893066,4306.67041,39.40283,2.6760400993,0.0244837759
30.2550918,-97.74775897,145.296387,4347.27832,40.60791,2.701272677,0.0252325777
30.25470472,-97.74790574,144.335205,4392.49561,45.21729,2.7293693897,0.0280967127
30.25436265,-97.74803155,146.257812,4432.33643,39.84082,2.7541253198,0.0247559301
30.25395102,-97.74817128,147.699707,4479.76172,47.42529,2.7835940197,0.0294686999
30.25355464,-97.74831327,149.622314,4525.83057,46.06885,2.8122198671,0.0286258474
30.25316413,-97.74844293,150.583618,4570.88281,45.05224,2.8402140225,0.0279941554
30.25281385,-97.74858886,151.064209,4612.24219,41.35938,2.8659135418,0.0256995194
30.25250179,-97.74869674,151.064209,4648.37451,36.13232,2.8883651177,0.0224515758
30.25218797,-97.748813,152.986938,4684.88965,36.51514,2.9110545667,0.022689449
30.25180835,-97.74896446,152.025757,4729.44482,44.55517,2.9387398572,0.0276852906
30.25141717,-97.74910963,153.467651,4776.04736,46.60254,2.9676973241,0.0289574669
30.25103797,-97.74925053,152.986938,4819.21533,43.16797,2.9945206488,0.0268233247
30.25061695,-97.74939923,153.948364,4867.9873,48.77197,3.0248261366,0.0303054878
30.25020448,-97.74955127,158.754761,4915.9873,48,3.0546519446,0.029825808
30.24988127,-97.74967005,159.235474,4953.56494,37.57764,3.0780016003,0.0233496557
30.24954289,-97.74978253,159.235474,4992.61572,39.05078,3.1022666226,0.0242650222
30.24915238,-97.74994564,161.638916,5038.65039,46.03467,3.1308712315,0.0286046089
30.24893663,-97.75003357,161.638916,5063.98438,25.33399,3.1466130382,0.0157418067
30.24868852,-97.75012049,161.158203,5093.44287,29.45849,3.1649176896,0.0183046514
30.24832098,-97.75026189,160.67749,5135.70605,42.26318,3.191178804,0.0262611144
30.24792057,-97.75041218,165.003418,5182.36475,46.6587,3.2201711671,0.0289923631
30.2475589,-97.75055283,167.406738,5224.69629,42.33154,3.2464747584,0.0263035913
30.24715615,-97.75069515,167.406738,5271.44092,46.74463,3.2755205159,0.0290457575
30.24676404,-97.75085625,170.290649,5317.58203,46.14111,3.3041912636,0.0286707477
30.24640328,-97.75098617,172.69397,5359.54688,41.96485,3.3302670044,0.0260757408
30.24619072,-97.75108709,175.577881,5385.00293,25.45605,3.3460846556,0.0158176512
30.24580012,-97.75126697,186.152466,5431.75684,46.75391,3.3751361794,0.0290515238
30.24541824,-97.75138943,180.865234,5475.78662,44.02978,3.4024950079,0.0273588284
30.24505807,-97.75150836,176.539307,5517.36035,41.57373,3.428327718,0.0258327102
30.24463034,-97.75164876,175.577881,5566.48975,49.1294,3.4588553024,0.0305275844
30.24421267,-97.75179259,175.577881,5614.89502,48.40527,3.4889329335,0.030077631
30.24389558,-97.75191413,174.616577,5651.85107,36.95605,3.5118963512,0.0229634178
30.24356349,-97.75203894,175.09729,5690.65186,38.80079,3.5360060369,0.0241096857
30.24320425,-97.75216727,175.577881,5732.36914,41.71728,3.5619279449,0.025921908
30.24278129,-97.75231177,175.09729,5781.26562,48.89648,3.5923107996,0.0303828546
30.2423591,-97.75247723,176.058594,5830.66162,49.396,3.6230040415,0.0306932419
30.24213865,-97.75255468,177.50061,5856.22266,25.56104,3.6388869305,0.015882889
30.24172165,-97.75265534,179.903809,5903.56592,47.34326,3.6683046593,0.0294177288
30.24129862,-97.75272072,179.423218,5950.85156,47.28564,3.6976865847,0.0293819254
30.24088204,-97.75279708,178.461914,5997.56104,46.70948,3.726710501,0.0290239163
30.24047552,-97.75285617,175.577881,6042.98975,45.42871,3.7549385839,0.028228083
30.24003698,-97.75290395,176.539307,6091.86279,48.87304,3.7853068737,0.0303682897
30.23978393,-97.75296028,177.02002,6120.42383,28.56104,3.8030538757,0.017747002
30.23944907,-97.75311694,177.02002,6160.60205,40.17822,3.8280194564,0.0249655807
30.23914782,-97.75334224,174.616577,6200.62646,40.02441,3.8528894641,0.0248700077
30.23882202,-97.75362387,175.577881,6245.73682,45.11036,3.8809197336,0.0280302695
30.23847878,-97.75392973,177.02002,6293.67822,47.9414,3.9107091292,0.0297893956
30.23812364,-97.75423818,177.50061,6342.96973,49.29151,3.9413374441,0.0306283149
30.23791493,-97.7544106,177.50061,6371.42236,28.45263,3.9590170833,0.0176796392
30.23773304,-97.75457262,178.461914,6396.92041,25.49805,3.9748608321,0.0158437488
30.23749399,-97.75478845,180.384521,6430.58643,33.66602,3.9957799206,0.0209190885
30.23719677,-97.75504896,180.865234,6471.99463,41.4082,4.0215097752,0.0257298546
30.23685604,-97.75532012,178.461914,6517.94531,45.95068,4.0500621952,0.02855242
30.23667173,-97.75547728,177.981201,6543.36963,25.42432,4.0658601304,0.0157979351
30.23635162,-97.75575757,180.384521,6587.89551,44.52588,4.0935272209,0.0276670905
30.23599296,-97.75606963,181.345825,6637.69824,49.80273,4.1244731931,0.0309459722
30.23570714,-97.75630767,178.942627,6676.88965,39.19141,4.1488255987,0.0243524057
30.23541117,-97.7565536,180.384521,6717.29346,40.40381,4.1739313545,0.0251057558
30.23508956,-97.75681788,179.903809,6761.0752,43.78174,4.2011360581,0.0272047036
30.23472872,-97.75708275,181.345825,6808.50537,47.43017,4.2306077903,0.0294717322
30.23438388,-97.75733722,181.345825,6853.83789,45.33252,4.2587761035,0.0281683133
30.23407107,-97.75754652,180.865234,6893.9248,40.08691,4.2836849469,0.0249088434
30.23374937,-97.75776017,183.268433,6935.35303,41.42823,4.3094272476,0.0257423007
30.23342952,-97.75797542,184.710571,6976.32227,40.96924,4.3348843452,0.0254570977
30.23308368,-97.75819,187.11377,7019.86572,43.54345,4.3619409823,0.0270566371
30.23279174,-97.75838085,187.59436,7056.90234,37.03662,4.3849544639,0.0230134816
30.23240534,-97.75861857,187.11377,7105.48779,48.58545,4.4151440536,0.0301895896
30.23210686,-97.75881713,186.633179,7143.71094,38.22315,4.4388948105,0.023750757
30.23180678,-97.75899986,186.633179,7181.35205,37.64111,4.4622839047,0.0233890942
30.23149422,-97.75919935,187.11377,7220.98926,39.63721,4.4869133175,0.0246294128
30.23110497,-97.75944737,187.11377,7270.32666,49.3374,4.5175701471,0.0306568296
30.23071588,-97.75968768,188.075073,7319.25244,48.92578,4.5479712079,0.0304010609
30.23039879,-97.75990158,188.555786,7359.98828,40.73584,4.5732832775,0.0253120697
30.23004793,-97.76011968,190.478394,7404.15527,44.16699,4.6007273643,0.0274440868
30.22975833,-97.76029788,189.516968,7440.57568,36.42041,4.6233579509,0.0226305866
30.22940336,-97.76052369,190.958984,7485.52441,44.94873,4.6512877882,0.0279298373
30.22906096,-97.76072988,189.997681,7528.36572,42.84131,4.6779081358,0.0266203476
30.22871386,-97.76093272,189.516968,7571.50244,43.13672,4.7047120426,0.0268039069
30.22835872,-97.76112878,188.075073,7615.14453,43.64209,4.7318299718,0.0271179291
30.22799604,-97.76133413,187.59436,7659.90527,44.76074,4.7596429975,0.0278130258
30.22767258,-97.76151636,189.036377,7699.73828,39.83301,4.7843940748,0.0247510773
30.22734133,-97.76169355,190.958984,7740.16992,40.43164,4.8095171234,0.0251230485
30.22709314,-97.76181794,189.997681,7770.16553,29.99561,4.8281555255,0.0186384022
30.22671386,-97.7620067,190.958984,7816.72266,46.55713,4.857084776,0.0289292505
30.22633022,-97.76220107,190.958984,7862.36865,45.64599,4.8854478704,0.0283630945
30.22595932,-97.76238254,189.036377,7907.0332,44.66455,4.9132011265,0.0277532561
30.22562513,-97.76254985,188.555786,7947.41748,40.38428,4.938294747,0.0250936205
30.22524367,-97.76273048,191.439575,7993.0957,45.67822,4.9666778682,0.0283831212
30.22492097,-97.76287884,192.401123,8031.78125,38.68555,4.9907159471,0.024038079
30.22460497,-97.76306022,193.843018,8070.93799,39.15674,5.0150468098,0.0243308626
30.22425913,-97.76324538,194.32373,8113.2002,42.26221,5.0413073215,0.0262605117
30.22386292,-97.76348325,195.765625,8162.646,49.4458,5.0720315077,0.0307241862
30.22368439,-97.76390956,198.649536,8212.57812,49.93212,5.103057879,0.0310263714
30.22384699,-97.7641953,200.091675,8245.70605,33.12793,5.123642614,0.020584735
30.22407113,-97.76447617,201.533569,8282.4873,36.78125,5.1464974161,0.0228548021
30.22433868,-97.7648542,202.494873,8329.50977,47.02247,5.1757158153,0.0292183992
30.22461629,-97.76524329,203.93689,8377.97363,48.46386,5.2058298524,0.0301140371
30.22485358,-97.76559407,202.975464,8420.73145,42.75782,5.2323983218,0.0265684694
30.22511669,-97.76596723,203.456177,8466.94434,46.21289,5.2611136715,0.0287153496
30.22539253,-97.76635875,203.93689,8515.5,48.55566,5.2912847505,0.030171079
30.22558783,-97.76666586,203.456177,8552.09277,36.59277,5.3140224366,0.022737686
30.22580702,-97.7669998,203.93689,8592.28516,40.19239,5.3389968222,0.0249743855
30.22607977,-97.76739777,206.340088,8640.93359,48.64843,5.3692255458,0.0302287236
30.22630205,-97.76777697,205.378784,8684.86816,43.93457,5.3965252134,0.0272996677
30.22647715,-97.76815432,202.494873,8725.95312,41.08496,5.4220542161,0.0255290027
30.22665367,-97.76852975,206.820679,8767.0498,41.09668,5.4475905013,0.0255362852
30.22687655,-97.76897726,209.224121,8816.77148,49.72168,5.4784861113,0.0308956101
30.22714787,-97.76903819,211.627441,8849.52148,32.75,5.4988360115,0.0203499002
30.22743755,-97.7688921,212.588623,8884.74023,35.21875,5.5207199215,0.02188391
30.22778967,-97.76862924,211.627441,8931.31934,46.57911,5.5496628296,0.0289429081
30.2281677,-97.76839245,207.782104,8979.18262,47.86328,5.5794036838,0.0297408541
30.22851504,-97.76813437,205.859497,9025.23145,46.04883,5.6080170913,0.0286134076
30.22890195,-97.76791284,205.378784,9073.05566,47.82421,5.6377336685,0.0297165772
30.22924326,-97.76769055,202.975464,9116.60254,43.54688,5.6647924369,0.0270587684
30.22957879,-97.76747229,200.572266,9159.29883,42.69629,5.6913226733,0.0265302364
30.22987065,-97.76727204,201.052856,9197.00098,37.70215,5.7147496959,0.0234270227
30.23024457,-97.76700466,200.572266,9245.97168,48.9707,5.7451786688,0.0304289728
30.23064338,-97.76679193,202.014282,9295.14062,49.16894,5.7757308222,0.0305521534
30.23099164,-97.76656847,203.456177,9339.74316,44.60254,5.8034455471,0.0277147249
30.23125693,-97.76637652,205.378784,9373.9375,34.19434,5.8246929183,0.0212473712
30.23166488,-97.76618994,205.378784,9422.92578,48.98828,5.8551328148,0.0304398966
30.23190754,-97.76597997,202.975464,9456.70801,33.78223,5.8761241129,0.020991298
30.23225756,-97.76574712,196.246338,9501.6123,44.90429,5.9040263365,0.0279022237
30.23257515,-97.76563657,192.401123,9538.36523,36.75293,5.9268635413,0.0228372048
30.23285268,-97.76543247,191.920288,9575.25293,36.8877,5.9497844884,0.0229209471
30.23318175,-97.76518973,193.362305,9618.81543,43.5625,5.9768529626,0.0270684742
30.23335199,-97.76509224,193.843018,9639.94531,21.12988,5.9899824572,0.0131294946
30.23364569,-97.76490918,194.32373,9677.01172,37.06641,6.0130144495,0.0230319923
30.23397787,-97.76469033,190.958984,9719.84082,42.8291,6.0396272102,0.0266127607
30.23423318,-97.76453736,189.036377,9751.76758,31.92676,6.059465573,0.0198383627
30.2345242,-97.76437006,187.11377,9787.96582,36.19824,6.0819581095,0.0224925366
30.23488998,-97.76414048,187.11377,9834.17383,46.20801,6.1106704269,0.0287123174
30.23520372,-97.76393856,186.633179,9874.06738,39.89355,6.135459122,0.024788695
30.23548812,-97.76377142,184.710571,9909.52344,35.45606,6.1574904894,0.0220313675
30.23573706,-97.76358384,184.710571,9943.7334,34.20996,6.1787475665,0.0212570771
30.23606462,-97.76335778,183.268433,9984.80273,41.06933,6.2042668571,0.0255192907
30.23638506,-97.76316776,182.787842,10024.7754,39.97267,6.2291047151,0.024837858
30.23673392,-97.76297539,179.423218,10067.9736,43.1982,6.2559468238,0.0268421088
30.23705578,-97.76274095,178.461914,10110.1592,42.1856,6.2821597323,0.0262129084
30.23724295,-97.7626309,178.461914,10133.3945,23.2353,6.2965974739,0.0144377416
30.23746164,-97.76249939,177.981201,10160.6768,27.2823,6.3135499039,0.01695243
30.23784192,-97.76227534,177.02002,10208.0283,47.3515,6.3429727528,0.0294228489
30.23818189,-97.76204634,177.981201,10251.7559,43.7276,6.3701438153,0.0271710626
30.23847585,-97.76185197,175.577881,10290.2686,38.5127,6.3940744903,0.0239306749
30.23882973,-97.76164242,173.655273,10333.5996,43.331,6.4209991171,0.0269246268
30.23919434,-97.76142298,175.09729,10379.4951,45.8955,6.4495172498,0.0285181328
30.23948486,-97.76122509,173.655273,10417.1416,37.6465,6.4729096931,0.0233924433
30.23984243,-97.76097346,177.02002,10463.4404,46.2988,6.5016784248,0.0287687317
30.24011836,-97.76080113,177.02002,10498.2354,34.795,6.5232990287,0.0216206039
30.24053344,-97.76061212,175.577881,10547.5225,49.2871,6.5539246033,0.0306255746
30.24091439,-97.76033342,171.252075,10597.4521,49.9296,6.5849494088,0.0310248055
30.24117163,-97.76020635,169.329468,10628.5762,31.1241,6.604289022,0.0193396131
30.24155796,-97.75996344,165.003418,10677.5439,48.9677,6.6347161307,0.0304271087
30.24184797,-97.75980259,164.522705,10713.3506,35.8067,6.6569653757,0.022249245
30.2421659,-97.75948467,161.638916,10760.2988,46.9482,6.6861376257,0.02917225
30.24235826,-97.75917387,159.716187,10797.0244,36.7256,6.7089578485,0.0228202228
30.24255272,-97.75892115,158.754761,10829.5459,32.5215,6.7291657654,0.020207917
30.24280963,-97.75873818,160.196899,10863.3096,33.7637,6.7501455495,0.0209797841
30.24312948,-97.75850533,162.119507,10905.1699,41.8603,6.7761563259,0.0260107764
30.24344715,-97.75828379,163.080811,10946.3447,41.1748,6.8017411526,0.0255848266
30.24377354,-97.75803736,164.522705,10989.7432,43.3985,6.8287077219,0.0269665694
30.2441079,-97.75787568,164.522705,11030.1758,40.4326,6.853831367,0.0251236451
30.24442708,-97.75763872,164.042114,11072.4248,42.249,6.8800836704,0.0262523033
30.24475758,-97.7574907,162.600098,11112.4004,39.9756,6.9049233489,0.0248396786
30.24513963,-97.75724653,160.67749,11160.9219,48.5215,6.9350732019,0.0301498529
30.24549016,-97.75697202,158.27417,11208.1016,47.1797,6.9643892993,0.0293160974
30.24583776,-97.75676105,157.793579,11251.7432,43.6416,6.9915069239,0.0271176247
30.2461675,-97.75652728,159.716187,11294.8145,43.0713,7.0182701807,0.0267632568
30.24656237,-97.75630943,159.235474,11343.9033,49.0888,7.0487725374,0.0305023567
30.24695045,-97.75604784,159.716187,11393.7393,49.836,7.0797391826,0.0309666451
30.24721884,-97.7558512,161.638916,11428.9648,35.2255,7.1016272867,0.0218881041
30.24751229,-97.75569496,161.158203,11464.7705,35.8057,7.1238759104,0.0222486236
30.24784774,-97.75559622,160.67749,11503.252,38.4815,7.1477871985,0.0239112881
30.24825032,-97.75547066,158.27417,11549.4189,46.1669,7.1764739713,0.0286867728
30.2486493,-97.75533328,157.793579,11595.541,46.1221,7.2051329067,0.0286589354
30.24903185,-97.75521493,157.793579,11639.4756,43.9346,7.232432593,0.0272996864
30.24932027,-97.75509758,157.793579,11673.4062,33.9306,7.2535160839,0.0210834908
30.24970575,-97.75497613,158.27417,11717.7725,44.3663,7.2810840161,0.0275679322
30.25006249,-97.75486699,156.351562,11758.6592,40.8867,7.3064898258,0.0254058097
30.25033825,-97.7547183,155.390259,11792.4307,33.7715,7.3274744565,0.0209846307
30.25073136,-97.75456415,154.909546,11838.3262,45.8955,7.3559925892,0.0285181327
30.25105356,-97.75442108,152.506348,11876.4893,38.1631,7.3797060328,0.0237134436
30.25135992,-97.75427104,153.467651,11913.1973,36.708,7.4025153195,0.0228092866
30.25178765,-97.75414238,151.544922,11962.4434,49.2461,7.4331154179,0.0306000984
30.25209174,-97.75396015,150.583618,12001.1875,38.7441,7.4571898781,0.0240744602
30.25236927,-97.75376762,153.467651,12037.0908,35.9033,7.4794991475,0.0223092694
30.2526188,-97.75360359,155.390259,12069.0078,31.917,7.4993314457,0.0198322982
30.25301208,-97.75336789,153.948364,12118.2461,49.2383,7.5299266974,0.0305952517
30.25338667,-97.75320285,153.467651,12163.2393,44.9932,7.5578841671,0.0279574697
30.25363485,-97.75301049,154.909546,12196.4941,33.2548,7.5785477354,0.0206635683
30.25391238,-97.7528084,156.351562,12232.9658,36.4717,7.6012101921,0.0226624567
30.25419854,-97.75262483,156.832153,12269.6201,36.6543,7.6239861112,0.022775919
30.25454245,-97.75240087,155.390259,12313.7334,44.1133,7.6513968365,0.0274107253
30.25484067,-97.75216819,153.467651,12353.541,39.8076,7.6761321247,0.0247352882
30.25512155,-97.75198244,150.583618,12389.4961,35.9551,7.6984735812,0.0223414565
30.25543126,-97.75179662,146.257812,12428.2275,38.7314,7.7225401499,0.0240665687
30.25568255,-97.75157852,142.412476,12463.5146,35.2871,7.7444665305,0.0219263807
30.25599226,-97.75138884,139.047852,12502.2363,38.7217,7.768527072,0.0240605415
30.25632192,-97.75120536,136.644653,12542.7539,40.5176,7.7937035336,0.0251764616
30.25659836,-97.75104895,136.16394,12576.8574,34.1035,7.8148944595,0.0211909259
30.25684755,-97.75088743,137.125244,12608.5195,31.6621,7.8345683702,0.0196739107
30.25719515,-97.75067043,134.721924,12652.0146,43.4951,7.861594964,0.0270265938
30.25748223,-97.75047597,137.125244,12688.9375,36.9229,7.8845377833,0.0229428193
30.25781767,-97.75034009,138.086548,12728.2881,39.3506,7.908989105,0.0244513217
30.25817315,-97.75006274,138.086548,12775.8691,47.581,7.9385545585,0.0295654535
30.25844104,-97.74993978,139.047852,12807.4971,31.628,7.9582072805,0.0196527219
30.25872066,-97.74978404,140.970459,12841.6992,34.2021,7.9794594736,0.021252193
30.25907043,-97.74962822,139.528442,12882.998,41.2988,8.0051213503,0.0256618767
30.25946899,-97.74943929,137.125244,12930.9541,47.9561,8.0349198801,0.0297985298
30.25985984,-97.74927258,137.125244,12977.29,46.3359,8.0637116646,0.0287917846
30.26026083,-97.74913645,136.644653,13023.7119,46.4219,8.092556887,0.0288452224
30.26063089,-97.74896018,138.567261,13067.999,44.2871,8.1200756066,0.0275187196
30.26093398,-97.74881886,141.931763,13104.3623,36.3633,8.1426707067,0.0225951001
30.2612561,-97.74866296,145.296387,13143.1172,38.7549,8.1667518777,0.0240811709
30.2616042,-97.74855894,148.661011,13183.2881,40.1709,8.19171291,0.0249610323
30.26198734,-97.74845375,147.699707,13227.0039,43.7158,8.2188766403,0.0271637303
30.26239486,-97.74824764,148.18042,13276.5361,49.5322,8.249654513,0.0307778727
30.26280113,-97.74806106,147.218994,13324.7695,48.2334,8.279625349,0.029970836
30.26305796,-97.74799534,143.85437,13353.8779,29.1084,8.2977124646,0.0180871156
30.26334319,-97.74790524,140.970459,13386.7363,32.8584,8.3181297215,0.0204172568
30.26372273,-97.74776836,138.567261,13431.0674,44.3311,8.3456757814,0.0275460599
30.26401467,-97.74779133,136.644653,13463.8389,32.7715,8.3660390411,0.0203632597
30.26428976,-97.74806868,135.683105,13505.2129,41.374,8.3917476449,0.0257086037
30.26447215,-97.74839633,139.047852,13542.4746,37.2617,8.4149009847,0.0231533398
30.26461707,-97.74874385,145.7771,13579.6201,37.1455,8.4379821212,0.0230811365
30.26472596,-97.74907133,144.815796,13613.335,33.7149,8.4589315823,0.0209494611
30.26484883,-97.74951406,138.086548,13657.8691,44.5341,8.4866037805,0.0276721982
30.26496073,-97.74994539,136.644653,13701.1299,43.2608,8.5134847871,0.0268810065
30.26506945,-97.75036457,139.528442,13743.1689,42.039,8.5396066026,0.0261218154
30.26520263,-97.75082298,139.528442,13789.6387,46.4698,8.5684815887,0.028874986
30.2653085,-97.75120284,140.970459,13828.1377,38.499,8.5924037508,0.0239221622
30.26542526,-97.75158975,142.893066,13867.6172,39.4795,8.6169351672,0.0245314164
30.26553548,-97.75194766,143.373657,13904.001,36.3838,8.6395430054,0.0226078382
30.26564629,-97.75231328,142.412476,13941.2783,37.2773,8.6627060385,0.0231630331
30.26574997,-97.75275408,138.086548,13985.2295,43.9512,8.6900160396,0.0273100011
30.26588735,-97.75320553,135.683105,14031.3066,46.0771,8.7186470133,0.0286309737
30.26600889,-97.75358238,134.241211,14069.9922,38.6856,8.7426851233,0.02403811
30.26612992,-97.75398999,134.241211,14111.3896,41.3974,8.7684082671,0.0257231438
30.26627418,-97.75444605,135.683105,14158.3203,46.9307,8.7975696431,0.029161376
30.26633805,-97.754868,133.760498,14199.4014,41.0811,8.8230962473,0.0255266042
30.26639479,-97.75529246,130.876709,14240.7363,41.3349,8.8487805555,0.0256843082
30.26641189,-97.75548625,128.954102,14259.5312,18.7949,8.8604591613,0.0116786058
30.26643595,-97.75581448,126.069946,14291.2354,31.7042,8.8801592317,0.0197000705
30.26651558,-97.75625068,124.147339,14334.1211,42.8857,8.906807162,0.0266479303
30.266718,-97.75667782,125.589355,14381.3799,47.2588,8.9361724098,0.0293652478
30.26693685,-97.75702626,130.395996,14422.8096,41.4297,8.961915624,0.0257432141
30.26713726,-97.75727922,130.876709,14455.7246,32.915,8.9823680504,0.0204524265
30.26734882,-97.75760226,132.318604,14494.6064,38.8818,9.0065280734,0.0241600229
30.26763028,-97.75791725,134.721924,14538.2275,43.6211,9.0336329599,0.0271048865
30.26790529,-97.75827725,134.721924,14584.793,46.5655,9.0625674112,0.0289344513
30.26810713,-97.75860046,136.16394,14623.1582,38.3652,9.0864064339,0.0238390227
30.26827519,-97.75889374,137.125244,14656.9121,33.7539,9.1073801285,0.0209736946
30.26843973,-97.759283,137.605835,14698.4561,41.544,9.1331943653,0.0258142368
30.26860862,-97.75970712,138.086548,14743.3867,44.9306,9.1611129372,0.0279185718
30.26873628,-97.75998197,137.125244,14773.3613,29.9746,9.1797382843,0.0186253472
30.26889687,-97.76034918,135.683105,14812.8955,39.5342,9.2043036897,0.0245654054
30.26907465,-97.76071672,134.241211,14853.4473,40.5518,9.2295014022,0.0251977125
30.26924992,-97.76110204,135.202515,14895.3682,41.9209,9.2555498338,0.0260484315
30.26943717,-97.76151887,136.16394,14940.5869,45.2187,9.2836474226,0.0280975888
30.26964186,-97.76179086,137.605835,14975.2256,34.6387,9.3051709063,0.0215234837
30.26992667,-97.76213729,140.009155,15021.1143,45.8887,9.3336848137,0.0285139074
30.2701954,-97.76242806,140.489868,15061.9404,40.8261,9.3590529683,0.0253681546
30.27044317,-97.7626682,139.528442,15097.8516,35.9112,9.3813671465,0.0223141782
30.27073762,-97.76292603,140.489868,15138.8643,41.0127,9.406851249,0.0254841024
30.27108723,-97.76324336,140.009155,15188.1846,49.3203,9.4374974531,0.0306462042
30.27139242,-97.76350614,141.931763,15230.5156,42.331,9.4638007089,0.0263032558
30.27164656,-97.76370806,142.412476,15264.6934,34.1778,9.4850378027,0.0212370938
30.27190992,-97.76394258,141.931763,15301.5293,36.8359,9.5079265627,0.02288876
30.27215987,-97.76415959,142.893066,15336.3018,34.7725,9.5295331858,0.0216066231
30.27243353,-97.76441926,142.412476,15375.7549,39.4531,9.554048198,0.0245150122
30.27276328,-97.76473828,143.373657,15423.3828,47.6279,9.5836427938,0.0295945959
30.27300635,-97.76495419,142.893066,15457.3643,33.9815,9.6047579125,0.0211151187
30.27333593,-97.76525443,142.412476,15503.9902,46.6259,9.6337298946,0.0289719821
30.27354397,-97.76545627,143.85437,15534.1709,30.1807,9.6524833063,0.0187534117
30.27382552,-97.76569993,146.257812,15573.2061,39.0352,9.6767386476,0.0242553413
30.27411427,-97.76593396,148.661011,15612.3379,39.1318,9.7010540133,0.0243153657
30.27439976,-97.76614132,148.661011,15649.7129,37.375,9.7242777544,0.0232237411
30.27474895,-97.76638985,150.583618,15695.2881,45.5752,9.752596862,0.0283191076
30.27513452,-97.76661205,152.025757,15743.1729,47.8848,9.782351088,0.0297542261
30.27539687,-97.76674574,153.948364,15774.9023,31.7294,9.8020668171,0.019715729
30.27570583,-97.76690466,156.351562,15812.3896,37.4873,9.8253603381,0.0232935211
30.27599199,-97.76707213,158.27417,15847.9443,35.5547,9.8474529976,0.0220926595
30.27622635,-97.76719484,159.235474,15876.4893,28.545,9.8651900328,0.0177370352
30.2766089,-97.76742409,159.235474,15924.251,47.7617,9.8948677681,0.0296777353
30.27690922,-97.76759969,155.390259,15961.6201,37.3691,9.9180878432,0.0232200751
30.27719848,-97.76783899,153.948364,16001.2012,39.5811,9.9426823908,0.0245945477
30.27742563,-97.76822238,147.218994,16046.2949,45.0937,9.9707023083,0.0280199174
30.27743342,-97.76862798,142.412476,16085.1914,38.8965,9.9948714654,0.0241691571
30.27732144,-97.76902436,139.047852,16125.9131,40.7217,10.0201747489,0.0253032835
30.27717275,-97.76937724,140.489868,16163.1523,37.2392,10.0433141078,0.0231393589
30.27719638,-97.76978385,140.489868,16203.0078,39.8555,10.0680791597,0.0247650518
30.27730526,-97.77020152,143.85437,16244.5371,41.5293,10.0938842624,0.0258051027
30.27749218,-97.77035424,145.296387,16276.0771,31.54,10.1134823037,0.0195980413
30.27779208,-97.77015785,146.257812,16314.2432,38.1661,10.1371976114,0.0237153077
30.27808839,-97.76996749,149.141602,16351.8945,37.6513,10.1605930374,0.0233954259
30.27847588,-97.76972953,151.064209,16400.582,48.6875,10.1908460379,0.0302530005
30.27875022,-97.76954329,150.103027,16436.0215,35.4395,10.2128671155,0.0220210775
30.27897117,-97.76941488,149.141602,16463.3242,27.3027,10.2298322215,0.016965106
30.27933192,-97.76920818,148.661011,16508.1348,44.8106,10.2576762288,0.0278440073
30.27963845,-97.76904264,148.18042,16545.5762,37.4414,10.280941229,0.0232650002
30.27989544,-97.76886879,149.141602,16578.5645,32.9883,10.3014392019,0.020497973
30.28021462,-97.76867945,152.506348,16618.3398,39.7753,10.3261544199,0.0247152179
30.28056884,-97.76843009,157.312866,16664.291,45.9512,10.354707163,0.028552743
30.28089473,-97.76821006,160.196899,16706.1035,41.8125,10.3806882379,0.025981075
30.28122389,-97.76800378,161.638916,16748.6738,42.5703,10.4071401878,0.0264519499
30.28152974,-97.76782885,164.042114,16785.5059,36.8321,10.4300265866,0.0228863989
30.28179428,-97.76765786,165.964722,16819.0957,33.5898,10.4508983142,0.0208717276
30.28209393,-97.76746072,165.484131,16857.2949,38.1992,10.4746341893,0.0237358751
30.28235796,-97.76729207,163.080811,16890.8398,33.5449,10.4954780174,0.0208438281
30.28271494,-97.76707239,160.196899,16935.5664,44.7266,10.5232698295,0.0277918122
30.2830664,-97.76687038,157.312866,16978.9375,43.3711,10.5502193733,0.0269495438
30.28335775,-97.76672588,157.312866,17013.9531,35.0156,10.5719770517,0.0217576783
30.28365414,-97.76653846,158.27417,17051.4473,37.4942,10.5952748602,0.0232978086
30.28393778,-97.76631894,162.119507,17089.1562,37.7089,10.6187060772,0.0234312169
30.28423936,-97.76621014,161.638916,17124.2266,35.0704,10.6404978067,0.0217917295
30.28459568,-97.76604728,161.638916,17166.584,42.3574,10.6668174667,0.02631966
30.28493984,-97.76595709,158.27417,17205.9062,39.3222,10.6912511414,0.0244336747
30.28529816,-97.765682,156.351562,17253.4727,47.5665,10.7208075851,0.0295564437
30.28556697,-97.76535166,156.351562,17296.8223,43.3496,10.7477437694,0.0269361843
30.28577266,-97.76507347,158.754761,17332.0273,35.205,10.7696191354,0.0218753661
30.28601943,-97.76486124,156.832153,17366.8711,34.8438,10.7912700623,0.0216509269
30.28632402,-97.76482922,154.909546,17401.9004,35.0293,10.8130362534,0.0217661912
30.28656978,-97.76515955,153.948364,17443.8086,41.9082,10.8390767936,0.0260405401
30.28673742,-97.76547169,156.351562,17479.0547,35.2461,10.860977698,0.0219009044
30.28692777,-97.76582549,159.235474,17519.0586,40.0039,10.8858349613,0.0248572634
30.28712047,-97.76616555,162.119507,17558.1504,39.0918,10.9101254722,0.0242905109
30.28732742,-97.76649697,165.964722,17597.416,39.2656,10.9345239773,0.0243985051
30.28749783,-97.76676653,165.964722,17629.5684,32.1524,10.9545025463,0.019978569
30.28769882,-97.76712108,165.964722,17670.5117,40.9433,10.9799435255,0.0254409793
30.28786168,-97.76741202,166.926025,17703.9844,33.4727,11.0007424906,0.0207989651
30.28809604,-97.76778745,166.445312,17748.752,44.7676,11.028559779,0.0278172884
30.28832613,-97.76815449,166.926025,17792.002,43.25,11.0554340747,0.0268742957
30.28852813,-97.76847719,165.484131,17830.2168,38.2148,11.0791796432,0.0237455685
30.28871672,-97.76876712,164.042114,17865.1289,34.9121,11.1008730097,0.0216933664
30.28897103,-97.7691853,162.600098,17914.2109,49.082,11.1313711411,0.0304981314
30.28921167,-97.76959618,159.235474,17962.0293,47.8184,11.1610841082,0.029712967
30.28941946,-97.76994109,158.27417,18002.5586,40.5293,11.1862678398,0.0251837317
30.28960336,-97.7702529,156.351562,18038.8223,36.2637,11.2088010514,0.0225332115
30.28981123,-97.77070762,154.909546,18088.3496,49.5273,11.2395758793,0.0307748279
30.29000544,-97.77101699,153.467651,18125.0215,36.6719,11.2623627345,0.0227868552
30.29024139,-97.77137297,155.390259,18168.2344,43.2129,11.2892139774,0.0268512429
30.29048229,-97.77177824,156.351562,18215.5859,47.3515,11.3186368263,0.0294228489
30.29077565,-97.77200723,160.196899,18264.6719,49.086,11.3491374432,0.0305006169
30.29106718,-97.77180858,161.638916,18302.2363,37.5644,11.372478872,0.0233414288
30.29139868,-97.77157296,164.042114,18345.3672,43.1309,11.3992791624,0.0268002905
30.29178634,-97.77130759,166.445312,18395.3125,49.9453,11.4303137234,0.0310345611
30.2920979,-97.77112168,162.600098,18433.9668,38.6543,11.4543323845,0.0240186611
30.29245304,-97.77093569,162.119507,18477.1504,43.1836,11.4811654212,0.0268330367
30.29282318,-97.77070644,164.042114,18523.6172,46.4668,11.5100385432,0.028873122
30.29316148,-97.77050385,169.329468,18566.0508,42.4336,11.5364055516,0.0263670085
30.29347613,-97.77030135,173.174683,18606.1133,40.0625,11.5612992273,0.0248936756
30.29384435,-97.77004285,183.268433,18653.7832,47.6699,11.5909199208,0.0296206934
30.29413579,-97.76982718,189.997681,18692.1836,38.4004,11.6147808157,0.0238608949
30.29438498,-97.76960439,194.804321,18727.6348,35.4512,11.6368091633,0.0220283476
30.29477198,-97.76937732,197.688232,18775.8477,48.2129,11.6667672612,0.029958098
30.29504104,-97.76923089,199.61084,18808.9375,33.0898,11.6873283033,0.0205610421
30.29533097,-97.76904725,200.572266,18845.418,36.4805,11.7099962281,0.0226679247
30.29559013,-97.76888908,201.533569,18878.041,32.623,11.7302672142,0.0202709861
30.29590186,-97.76868557,202.975464,18917.6934,39.6524,11.7549060657,0.0246388514
30.29616907,-97.76852774,201.052856,18951.0703,33.3769,11.7756455034,0.0207394377
30.29648105,-97.76831349,200.572266,18991.3945,40.3242,11.8007017919,0.0250562885
30.29686444,-97.76808165,200.572266,19039.4355,48.041,11.8305530761,0.0298512842
30.29717557,-97.76790027,198.168945,19078.0703,38.6348,11.8545596204,0.0240065443
30.2974878,-97.76769826,198.168945,19117.9707,39.9004,11.8793525718,0.0247929514
30.29778334,-97.76750514,196.726929,19155.5469,37.5762,11.9027013328,0.0233487609
30.29812046,-97.76731965,191.439575,19196.8301,41.2832,11.9283535161,0.0256521833
30.29832724,-97.76719929,191.439575,19222.5254,25.6953,11.9443198303,0.0159663143
30.29864425,-97.76697448,191.920288,19263.8262,41.3008,11.9699829497,0.0256631194
30.29895337,-97.76679612,187.59436,19302.0293,38.2031,11.9937212482,0.0237382984
30.29928396,-97.76661373,184.229858,19342.6113,40.582,12.0189377261,0.0252164779
30.2996018,-97.76641382,181.345825,19382.7754,40.1641,12.0438945331,0.0249568069
30.29990019,-97.76621114,181.345825,19421.1719,38.3965,12.0677530047,0.0238584716
30.30016892,-97.76600352,178.942627,19457.1211,35.9492,12.090090795,0.0223377904
30.30049447,-97.76582725,173.655273,19496.9238,39.8027,12.1148230385,0.0247322435
30.30075942,-97.76564042,171.732666,19531.0332,34.1094,12.1360176305,0.021194592
30.30114256,-97.76542132,164.522705,19578.3613,47.3281,12.1654259393,0.0294083089
30.30143509,-97.76525376,163.080811,19614.3477,35.9864,12.1877868447,0.0223609053
30.30174145,-97.76506718,164.522705,19652.6445,38.2968,12.2115833656,0.0237965209
30.30207144,-97.76481723,171.252075,19696.3438,43.6993,12.2387368433,0.0271534777
30.30232642,-97.76467332,174.616577,19727.8047,31.4609,12.2582857342,0.0195488909
30.30266572,-97.76442287,179.423218,19772.4551,44.6504,12.2860301979,0.0277444637
30.30300862,-97.76430652,179.903809,19812.5918,40.1367,12.3109699794,0.0249397814
30.30335337,-97.76434709,178.461914,19851.1074,38.5156,12.3349024562,0.0239324769
30.30371354,-97.7644486,179.903809,19892.2422,41.1348,12.3604624281,0.0255599718
30.30407639,-97.76456309,181.345825,19933.9004,41.6582,12.3863476254,0.0258851974
30.30448182,-97.76468497,185.191162,19980.3652,46.4648,12.4152195047,0.0288718793
30.30484912,-97.76477843,185.191162,20022.0586,41.6934,12.4411265743,0.0259070696
30.30528498,-97.76481774,181.826416,20070.7598,48.7012,12.4713880877,0.0302615134
30.30549704,-97.76480642,180.865234,20094.332,23.5722,12.4860351692,0.0146470815
30.30586358,-97.7646413,177.02002,20138.127,43.795,12.5132481121,0.0272129429
30.3062406,-97.76439018,180.384521,20186.3418,48.2148,12.5432073906,0.0299592786
30.30652223,-97.76419102,181.826416,20222.8711,36.5293,12.5659056383,0.0226982477
30.30683043,-97.76393563,178.461914,20264.8594,41.9883,12.5919959502,0.0260903119
30.30711299,-97.76366916,172.213257,20305.3145,40.4551,12.6171335762,0.0251376259
30.30745128,-97.76340547,164.042114,20350.7363,45.4218,12.6453573655,0.0282237893
30.30777474,-97.76328963,158.27417,20388.1562,37.4199,12.6686090062,0.0232516407
30.30808328,-97.76317262,159.235474,20424.1582,36.002,12.6909796049,0.0223705987
30.30846608,-97.76295377,166.926025,20471.3457,47.1875,12.720300549,0.0293209441
30.30890613,-97.76288219,174.135864,20520.75,49.4043,12.7509989483,0.0306983993
30.30923713,-97.76282536,180.865234,20557.9629,37.2129,12.7741219651,0.0231230169
30.30957534,-97.76276157,187.59436,20595.9688,38.0059,12.7977377292,0.0236157641
30.30989117,-97.76269686,194.804321,20631.6582,35.6894,12.8199140874,0.0221763582
30.31028512,-97.76266518,197.688232,20675.4102,43.752,12.8471003114,0.027186224
30.31036332,-97.7624325,197.688232,20709.6973,34.2871,12.868405321,0.0213050096
30.31016828,-97.76210217,189.997681,20748.1289,38.4316,12.8922856027,0.0238802818
30.31003752,-97.76182389,187.11377,20778.5801,30.4512,12.9112070953,0.0189214926
30.30990894,-97.76141779,186.633179,20820.0117,41.4316,12.93695149,0.0257443947
30.30980442,-97.76102769,185.191162,20859.3184,39.3067,12.9613755335,0.0244240435
30.30970367,-97.76067766,189.036377,20894.8652,35.5468,12.9834632842,0.0220877506
30.30959462,-97.76022496,189.516968,20940.1035,45.2383,13.0115730519,0.0281097677
30.30952798,-97.75982564,189.997681,20979.3066,39.2031,13.0359327213,0.0243596694
30.30945523,-97.75936523,184.710571,21024.2422,44.9356,13.0638544001,0.0279216787
30.30937535,-97.75888268,183.749023,21071.4941,47.2519,13.0932153604,0.0293609604
30.30930243,-97.75842142,186.152466,21116.498,45.0039,13.1211794788,0.0279641183
30.30922347,-97.75801247,187.59436,21156.7754,40.2774,13.1462066871,0.0250272083
30.30916085,-97.75761969,188.555786,21195.2109,38.4355,13.1700893921,0.023882705
30.30909447,-97.75718585,185.671753,21237.5938,42.3829,13.1964248971,0.026335505
30.30901266,-97.75676365,183.268433,21279.2285,41.6347,13.2222954923,0.0258705952
30.30893496,-97.75629376,185.191162,21325.2305,46.002,13.250879801,0.0285843087
30.30899414,-97.75588338,189.997681,21369.7383,44.5078,13.2785356572,0.0276558562
30.30941508,-97.75578498,200.091675,21417.5488,47.8105,13.3082437154,0.0297080583
30.30982428,-97.75569772,198.649536,21464.0039,46.4551,13.3371095673,0.0288658519
30.31027053,-97.7556528,194.804321,21513.6797,49.6758,13.3679766689,0.0308671015
30.31070673,-97.75561147,194.804321,21562.1777,48.498,13.3981119196,0.0301352507
30.31106522,-97.75555557,197.20752,21602.3633,40.1856,13.4230820861,0.0249701664
30.31147879,-97.75548985,200.572266,21648.7109,46.3476,13.4518811406,0.0287990546
30.31181968,-97.75543973,200.572266,21686.7988,38.0879,13.4755478572,0.0236667165
30.31221564,-97.75540486,198.649536,21730.8086,44.0098,13.5028942706,0.0273464135
30.31258486,-97.75536723,197.20752,21771.8359,41.0273,13.528387445,0.0254931744
30.31295937,-97.75532716,197.20752,21813.4238,41.5879,13.55422896,0.025841515
30.31328358,-97.75528366,197.688232,21849.7812,36.3574,13.576820394,0.022591434
30.31362799,-97.75521417,195.765625,21888.6582,38.877,13.6009774344,0.0241570404
30.31362045,-97.75484822,192.881714,21924.9883,36.3301,13.623551905,0.0225744705
30.31355046,-97.75447045,188.075073,21962.8027,37.8144,13.6470486765,0.0234967715
30.31345834,-97.75412335,185.191162,21997.1387,34.336,13.6683840712,0.0213353947
30.31333454,-97.75362639,185.671753,22046.959,49.8203,13.6993409608,0.0309568897
30.31335499,-97.75322816,187.59436,22089.1328,42.1738,13.7255465371,0.0262055763
30.31362304,-97.75328298,192.401123,22119.8613,30.7285,13.7446403358,0.0190937988
30.31395069,-97.75342195,195.284912,22158.5273,38.666,13.7686662669,0.0240259311
30.31436803,-97.75361113,199.61084,22208.293,49.7657,13.7995892297,0.0309229628
30.31478763,-97.75379344,202.014282,22257.9414,49.6484,13.8304393057,0.030850076
30.31505493,-97.75390425,205.378784,22289.4004,31.459,13.8499870159,0.0195477103
30.31543052,-97.75408546,204.898071,22334.582,45.1816,13.8780615519,0.028074536
30.31574476,-97.75422595,203.93689,22372.0137,37.4317,13.9013205248,0.0232589729
30.31601725,-97.75436902,204.41748,22405.1504,33.1367,13.9219107092,0.0205901844
30.31636166,-97.75452945,207.301392,22446.291,41.1406,13.947474285,0.0255635758
30.31668839,-97.75468016,210.666016,22485.2969,39.0059,13.97171142,0.0242371351
30.31702626,-97.75483238,216.43396,22525.4531,40.1562,13.9966633182,0.0249518982
30.31738627,-97.75502776,208.262817,22569.5938,44.1407,14.0240910691,0.0274277509
30.31774937,-97.75507662,209.224121,22610.8379,41.2441,14.0497189568,0.0256278876
30.31814902,-97.75490094,212.108032,22658.3574,47.5195,14.079246196,0.0295272393
30.31849712,-97.75470036,213.069336,22701.5215,43.1641,14.106067116,0.02682092
30.31878127,-97.75453507,214.51123,22736.7344,35.2129,14.1279473909,0.0218802749
30.31905217,-97.75435964,215.953247,22770.9863,34.2519,14.1492305282,0.0212831374
30.3194017,-97.75413333,215.953247,22815.3281,44.3418,14.1767832368,0.0275527086
30.319741,-97.75390458,214.991943,22858.9414,43.6133,14.2038832767,0.0271000398
30.32002045,-97.7537403,214.991943,22893.5664,34.625,14.2253982475,0.0215149709
30.32032798,-97.75357383,214.51123,22931.1758,37.6094,14.248767638,0.0233693905
30.32062445,-97.75338164,211.146729,22968.8945,37.7187,14.2722049444,0.0234373063
30.32096006,-97.75320545,211.146729,23009.7363,40.8418,14.2975828545,0.0253779101
30.32134227,-97.75297034,208.743408,23057.5898,47.8535,14.3273176316,0.0297347772
30.32163413,-97.75273908,211.146729,23096.8379,39.2481,14.3517052628,0.0243876311
30.32189523,-97.75259592,212.108032,23128.8945,32.0566,14.3716243044,0.0199190416
30.32216932,-97.75241244,214.03064,23164.0664,35.1719,14.393479103,0.0218547987
30.32247459,-97.75222979,216.914673,23202.1816,38.1152,14.417162783,0.0236836799
30.32275647,-97.75203818,214.991943,23238.4453,36.2637,14.4396959945,0.0225332115
30.32305604,-97.75187298,215.472656,23275.1973,36.752,14.4625326215,0.0228366269
30.32333205,-97.75168673,212.108032,23310.7109,35.5136,14.4845997426,0.0220671211
30.32371318,-97.75147459,208.262817,23357.6504,46.9395,14.5137665867,0.029166844
30.32409414,-97.75123889,204.41748,23405.4863,47.8359,14.5434904277,0.029723841
30.32436647,-97.75104937,203.93689,23440.7773,35.291,14.5654192317,0.021928804
30.32467249,-97.75087226,201.052856,23478.7578,37.9805,14.5890192129,0.0235999813
30.3250682,-97.75064092,197.688232,23527.877,49.1192,14.6195404594,0.0305212464
30.32537397,-97.75045392,195.765625,23566.2129,38.3359,14.6433612759,0.0238208165
30.32573288,-97.75026692,192.881714,23609.8262,43.6133,14.6704613157,0.0271000398
30.32607855,-97.75006265,194.32373,23653.8242,43.998,14.697800397,0.0273390812
30.32637334,-97.74986484,196.246338,23690.6309,36.8067,14.720671013,0.022870616
30.32675807,-97.74960668,197.20752,23739.9902,49.3593,14.7513414506,0.0306704376
30.32704532,-97.74942404,198.168945,23776.4004,36.4102,14.7739656929,0.0226242424
30.32735688,-97.74922606,197.20752,23815.8086,39.4082,14.7984528056,0.0244871126
30.32747976,-97.74887536,196.726929,23861.7891,45.9805,14.8270237549,0.0285709493
30.32728496,-97.74851535,197.20752,23902.6113,40.8222,14.8523894861,0.0253657312
30.32709167,-97.74813507,198.168945,23944.9805,42.3692,14.8787164783,0.0263269922
30.32687115,-97.74771933,202.014282,23992.5723,47.5918,14.9082886426,0.0295721643
30.32669395,-97.74739176,204.898071,24028.9492,36.3769,14.9308921934,0.0226035508
30.32647795,-97.74695112,205.378784,24077.5957,48.6465,14.9611197177,0.0302275243
30.32638298,-97.74673152,200.091675,24101.1973,23.6016,14.9757850675,0.0146653498
30.32617545,-97.74630153,195.284912,24148.459,47.2617,15.0051521173,0.0293670498
30.3260115,-97.7459572,195.284912,24186.2422,37.7832,15.0286295021,0.0234773848
30.3258385,-97.74559024,195.284912,24226.4297,40.1875,15.0536008491,0.024971347
30.32570086,-97.74528706,195.765625,24259.373,32.9433,15.0740708604,0.0204700113
30.325695,-97.74504516,195.284912,24289.6445,30.2715,15.0928806926,0.0188098322
30.32606355,-97.74505455,192.881714,24330.8281,41.1836,15.1184709873,0.0255902947
30.32645063,-97.74512253,194.32373,24374.2715,43.4434,15.1454654562,0.0269944689
30.32685296,-97.74523183,191.920288,24420.2109,45.9394,15.1740108671,0.0285454109
30.32719569,-97.74531028,195.765625,24459.0547,38.8438,15.198147278,0.0241364109
30.32758838,-97.74538865,201.533569,24503.2461,44.1914,15.2256065324,0.0274592544
30.32796834,-97.74549225,200.572266,24546.6309,43.3848,15.252564589,0.0269580565
30.32827377,-97.74556803,201.533569,24581.3262,34.6953,15.2741232422,0.0215586532
30.32860125,-97.74561614,208.262817,24617.7715,36.4453,15.2967692947,0.0226460525
30.32894164,-97.74570163,204.898071,24656.5195,38.748,15.3208461782,0.0240768835
30.32933953,-97.74580247,199.130127,24701.6367,45.1172,15.3488806979,0.0280345198
30.32968269,-97.74585343,196.246338,24739.9473,38.3106,15.3726857937,0.0238050958
30.33011762,-97.74594429,193.843018,24789.3496,49.4023,15.4033829503,0.0306971566
30.33044703,-97.74597664,197.20752,24825.9316,36.582,15.4261139442,0.0227309939
30.33072833,-97.74598964,195.284912,24857.2207,31.2891,15.4455560836,0.0194421394
30.33111423,-97.74610606,196.246338,24901.4473,44.2266,15.4730372102,0.0274811266
30.3314879,-97.74638677,201.052856,24951.2949,49.8476,15.5040110633,0.030973853
30.33176693,-97.74667016,197.688232,24992.5508,41.2559,15.5296462831,0.0256352199
30.33209047,-97.74702522,196.246338,25041.9746,49.4238,15.5603567992,0.030710516
30.33230857,-97.74728087,195.765625,25076.3887,34.4141,15.5817407229,0.0213839237
30.33255114,-97.74760885,192.881714,25117.8984,41.5097,15.6075336467,0.0257929238
30.33271635,-97.74787263,189.997681,25149.1777,31.2793,15.6269696966,0.0194360499
30.33290318,-97.74822609,187.59436,25188.9355,39.7578,15.6516740406,0.0247043439
30.33308356,-97.74855006,188.555786,25226.0723,37.1368,15.6747497711,0.0230757305
30.33344708,-97.74881157,192.401123,25274.1133,48.041,15.7046010553,0.0298512843
30.33384816,-97.74902917,197.688232,25323.2188,49.1055,15.735113789,0.0305127336
30.33419257,-97.7491414,196.246338,25362.9727,39.7539,15.7598157096,0.0247019206
30.33449708,-97.7491699,196.726929,25396.748,33.7753,15.7808027015,0.0209869919
30.33480277,-97.74913092,197.688232,25431.1523,34.4043,15.8021805358,0.0213778343
30.33517526,-97.74887418,199.130127,25479.6875,48.5352,15.8323389016,0.0301583657
30.33543787,-97.74865299,201.533569,25515.6309,35.9434,15.854673088,0.0223341864
30.33572964,-97.74844134,202.014282,25553.8691,38.2382,15.8784331965,0.0237601085
30.33603424,-97.74830296,202.494873,25590.168,36.2989,15.9009882803,0.0225550838
30.33634027,-97.74817396,202.975464,25626.3066,36.1386,15.9234437583,0.022455478
30.33674226,-97.74796676,203.456177,25675.1523,48.8457,15.9537950598,0.0303513015
30.33709187,-97.74781932,204.898071,25716.4648,41.3125,15.9794654492,0.0256703894
30.33739312,-97.74768647,204.898071,25752.1914,35.7266,16.0016649224,0.0221994731
30.33768447,-97.74756409,205.378784,25786.5176,34.3262,16.0229942276,0.0213293053
30.33809795,-97.74738355,203.93689,25835.6367,49.1191,16.0535154119,0.0305211843
30.33838796,-97.74728875,203.456177,25869.1465,33.5098,16.0743374299,0.0208220179
30.33873204,-97.74718867,204.898071,25908.6348,39.4883,16.0988743143,0.0245368844
30.33904427,-97.74707543,203.456177,25945.0332,36.3984,16.1214912245,0.0226169102
30.33940192,-97.74720007,202.014282,25995.0195,49.9863,16.1525512617,0.0310600372
30.33949639,-97.74766685,202.494873,26041.1445,46.125,16.1812119991,0.0286607374
30.33957912,-97.74805846,202.014282,26079.7812,38.6367,16.205219724,0.0240077249
30.33963955,-97.74844939,202.975464,26117.9883,38.2071,16.228960508,0.0237407839
30.33968397,-97.74884233,205.859497,26156.1191,38.1308,16.2526538813,0.0236933734
30.33971222,-97.74920862,208.743408,26191.5195,35.4004,16.2746506632,0.0219967819
30.33980333,-97.74971087,210.666016,26240.9492,49.4297,16.3053648454,0.0307141821
30.33991146,-97.75015167,212.108032,26285.0898,44.1406,16.3327925341,0.0274276887
30.34001598,-97.75059013,215.472656,26328.9023,43.8125,16.3600163511,0.0272238169
30.34016149,-97.750999,211.146729,26371.373,42.4707,16.3864064124,0.0263900614
30.34031664,-97.75143343,205.859497,26420.2559,48.8829,16.4167808288,0.0303744165
30.34046156,-97.75186962,207.301392,26465.1777,44.9218,16.4446939326,0.0279131038
30.34060422,-97.75226156,208.262817,26506.1465,40.9688,16.4701507569,0.0254568241
30.34082567,-97.75260757,212.108032,26552.0977,45.9512,16.4987034999,0.028552743
30.34121426,-97.75241286,214.991943,26599.1094,47.0117,16.527915207,0.029211707
30.34160175,-97.75223206,213.550049,26645.5996,46.4902,16.5568028691,0.028887662
30.34198254,-97.75204782,211.627441,26691.4609,45.8613,16.5852997509,0.0284968819
30.3423661,-97.75187817,212.588623,26736.8926,45.4317,16.6135296918,0.0282299409
30.34264564,-97.75172655,212.588623,26771.2617,34.3691,16.6348856538,0.021355962
30.34292853,-97.75159084,209.224121,26805.0312,33.7695,16.6558690418,0.020983388
30.3432716,-97.75144349,208.743408,26845.6113,40.5801,16.6810843391,0.0252152973
30.34361316,-97.7512984,212.108032,26885.9707,40.3594,16.7061624998,0.0250781608
30.34398523,-97.75112003,216.43396,26930.6719,44.7012,16.7339385292,0.0277760293
30.34439083,-97.75102389,213.069336,26977.832,47.1601,16.7632424477,0.0293039184
30.34475628,-97.75086237,211.146729,27020.9941,43.1621,16.7900621249,0.0268196772
30.34515996,-97.75065492,214.991943,27069.4043,48.4102,16.8201428193,0.0300806943
30.34555323,-97.75047488,214.991943,27116.2539,46.8496,16.8492538021,0.0291109827
30.3458689,-97.75032048,215.472656,27154.3027,38.0488,16.872896223,0.0236424209
30.34623963,-97.75014086,215.953247,27198.791,44.4883,16.9005399625,0.0276437395
30.34659946,-97.749964,216.43396,27242.1855,43.3945,16.9275040463,0.0269640838
30.34696894,-97.74978437,215.953247,27286.7598,44.5743,16.9552012237,0.0276971773
30.34738242,-97.74960668,215.953247,27335.6582,48.8984,16.9855852714,0.0303840477
30.3477187,-97.74944306,215.472656,27375.9297,40.2715,17.0106088136,0.0250235421
30.34813193,-97.74924399,213.069336,27425.6094,49.6797,17.0414783385,0.030869525
30.34846704,-97.74909865,212.588623,27465.1758,39.5664,17.066063752,0.0245854136
30.34887733,-97.74889153,216.914673,27514.9102,49.7344,17.0969672659,0.0309035138
30.34920246,-97.74874192,214.51123,27553.6875,38.7773,17.1210623556,0.0240950898
30.34957387,-97.74858685,214.991943,27597.5469,43.8594,17.1483153148,0.0272529592
30.34992239,-97.74840874,216.914673,27639.9219,42.375,17.1746459109,0.0263305961
30.35033947,-97.74821394,216.914673,27689.8262,49.9043,17.2056549957,0.0310090848
30.35065278,-97.74807279,216.914673,27728.0078,38.1816,17.2293799347,0.0237249391
30.35105025,-97.74788596,219.317993,27775.6074,47.5996,17.2589569457,0.029577011
30.35140355,-97.74772159,222.682495,27817.8477,42.2403,17.2852038432,0.0262468974
30.35174738,-97.74754766,220.279175,27859.5078,41.6601,17.3110902212,0.025886378
30.35209875,-97.74740375,215.472656,27900.9336,41.4258,17.336831012,0.0257407907
30.35250569,-97.74721926,216.43396,27949.4297,48.4961,17.3669650821,0.0301340701
30.35291095,-97.74700292,222.682495,27999.0957,49.666,17.3978260942,0.0308610121
30.35325126,-97.74684283,221.240601,28039.8438,40.7481,17.4231457818,0.0253196876
30.35365367,-97.74664602,222.682495,28088.2832,48.4394,17.4532446203,0.0300988385
30.35403455,-97.7464602,219.798584,28134.2578,45.9746,17.4818119034,0.0285672832
30.35440612,-97.74629767,218.83728,28178.3828,44.125,17.5092298988,0.0274179953
30.35481415,-97.74611235,216.43396,28227.0781,48.6953,17.5394877461,0.0302578473
30.35517013,-97.74594169,219.317993,28270.1211,43.043,17.566233418,0.026745672
30.35559132,-97.74575318,216.914673,28319.5664,49.4453,17.5969572935,0.0307238754
30.35598745,-97.74557557,216.914673,28366.627,47.0606,17.6261993856,0.0292420922
30.35633613,-97.7453791,217.395386,28409.6738,43.0468,17.6529474188,0.0267480332
30.35659086,-97.74526167,216.43396,28439.9863,30.3125,17.6717827272,0.0188353084
30.35690627,-97.74513435,212.588623,28476.9688,36.9825,17.6947625802,0.022979853
30.35727407,-97.74495288,215.472656,28521.1719,44.2031,17.7222291047,0.0274665244
30.35761563,-97.74479253,215.472656,28562.1191,40.9472,17.7476725073,0.0254434025
30.35798536,-97.74460587,216.43396,28606.8457,44.7266,17.7754643195,0.0277918121
30.35834578,-97.74443798,218.356567,28649.959,43.1133,17.8022536738,0.0267893543
30.35875649,-97.74424125,219.798584,28699.2871,49.3281,17.8329047246,0.0306510508
30.35910015,-97.74409449,218.83728,28739.9199,40.6328,17.8581527682,0.0252480436
30.35942394,-97.74394956,218.83728,28778.4707,38.5508,17.8821071173,0.0239543491
30.35970516,-97.7436795,216.914673,28824.5488,46.0781,17.9107387124,0.0286315951
30.35952779,-97.74332805,218.356567,28863.6992,39.1504,17.9350656356,0.0243269231
30.35939142,-97.74295078,219.317993,28903.127,39.4278,17.9595649271,0.0244992915
30.35922999,-97.74253713,219.317993,28946.752,43.625,17.986672237,0.0271073099
30.35909663,-97.74224653,218.83728,28978.3477,31.5957,18.0063048887,0.0196326517
30.35896763,-97.74192634,218.83728,29012.3008,33.9531,18.0274023604,0.0210974717
30.35884475,-97.74157623,216.914673,29048.6562,36.3554,18.0499925517,0.0225901913
30.35867259,-97.74111045,214.991943,29097.168,48.5118,18.0801363773,0.0301438256
30.35853554,-97.7407393,214.51123,29136.0684,38.9004,18.1043079578,0.0241715804
30.35841392,-97.74024745,214.03064,29185.2754,49.207,18.1348837606,0.0305758028
30.35828006,-97.73992499,211.627441,29219.6836,34.4082,18.1562640182,0.0213802576
30.35810363,-97.73951889,212.588623,29263.373,43.6894,18.1834113444,0.0271473262
30.35791998,-97.73910633,215.472656,29307.9238,44.5508,18.2110939195,0.0276825752
30.35777464,-97.73874415,215.953247,29346.3477,38.4239,18.2349694167,0.0238754971
30.35759199,-97.73829605,218.356567,29393.9434,47.5957,18.2645440044,0.0295745878
30.35739167,-97.73785433,219.798584,29441.9199,47.9765,18.2943552102,0.0298112057
30.35719503,-97.73740414,218.356567,29490.4238,48.5039,18.324494127,0.030138917
30.35700476,-97.73700432,219.798584,29534.3262,43.9024,18.3517738052,0.0272796781
30.3567704,-97.73657885,217.875977,29584.082,49.7558,18.3826906164,0.0309168112
30.35637436,-97.73670316,217.395386,29629.8047,45.7227,18.4111013762,0.0284107598
30.35601209,-97.73670802,219.317993,29670.2891,40.4844,18.4362572084,0.0251558321
30.35563993,-97.73658296,219.798584,29713.2637,42.9746,18.4629603785,0.0267031702
30.35529292,-97.73644868,217.875977,29753.8516,40.5879,18.4881805225,0.025220144
30.35491917,-97.73632019,219.798584,29797.0684,43.2168,18.5150341888,0.0268536663
30.35453537,-97.73618549,220.759888,29841.5332,44.4648,18.542663326,0.0276291372
30.35414745,-97.73605214,219.317993,29886.4629,44.9297,18.5705813386,0.0279180127
30.35378988,-97.73593102,221.721191,29927.7031,41.2402,18.596206803,0.0256254643
30.35347212,-97.73573144,220.279175,29968.1074,40.4043,18.6213128632,0.0251060604
30.35319082,-97.73536624,218.83728,30015.1543,47.0469,18.6505464425,0.0292335793
30.35299687,-97.73492184,215.953247,30063.0566,47.9023,18.6803115426,0.0297651
30.35282822,-97.73453903,215.953247,30104.5449,41.4883,18.7060911691,0.0257796264
30.35263133,-97.73410418,217.875977,30151.7461,47.2012,18.7354206259,0.0293294567
30.35248012,-97.73375088,219.317993,30189.6367,37.8906,18.7589647459,0.02354412
30.35223319,-97.73336397,221.721191,30236.002,46.3653,18.7877747987,0.0288100528
30.35197587,-97.73296827,220.759888,30283.7012,47.6992,18.8174136983,0.0296388996
30.35175609,-97.73264037,221.721191,30325.0273,41.3261,18.8430925384,0.0256788401
30.35155082,-97.73222186,221.721191,30371.168,46.1407,18.8717630313,0.0286704929
30.35137095,-97.7318637,224.605225,30411.0371,39.8691,18.8965365339,0.0247735025
30.35122938,-97.73156798,224.124512,30443.5352,32.4981,18.9167299108,0.0201933769
30.35105394,-97.73121938,223.163208,30482.293,38.7578,18.9408128837,0.0240829729
30.35084129,-97.73078143,223.163208,30530.4727,48.1797,18.9707503521,0.0299374684
30.35061389,-97.73033626,224.124512,30580.3945,49.9218,19.0017703109,0.0310199587
30.35041549,-97.72992756,226.047119,30625.5938,45.1993,19.0298558451,0.0280855343
30.35021106,-97.7295052,222.201782,30672.1133,46.5195,19.0587617133,0.0289058683
30.35005356,-97.72910714,225.085938,30714.4238,42.3105,19.085052231,0.0262905177
30.34989062,-97.72867916,227.008545,30759.4238,45,19.113013926,0.027961695
30.34971585,-97.72829535,229.411743,30801.2168,41.793,19.1389828842,0.0259689582
30.34955459,-97.72792295,227.489136,30841.168,39.9512,19.1638074013,0.0248245171
30.34937253,-97.72755364,228.931152,30882.1621,40.9941,19.1892799462,0.025472545
30.34913633,-97.72711233,231.814941,30932.0176,49.8555,19.2202587081,0.0309787619
30.34894329,-97.72671185,231.334351,30976.0586,44.041,19.2476245083,0.0273658001
30.34876233,-97.72632929,231.814941,31017.9785,41.9199,19.2736723185,0.0260478102
30.34855907,-97.72592613,232.295776,31062.791,44.8125,19.3015175065,0.0278451878
30.34836059,-97.72551432,231.814941,31108.0801,45.2891,19.3296588398,0.0281413334
30.34817593,-97.72510336,229.892334,31152.5273,44.4472,19.3572770409,0.0276182011
30.34796764,-97.72469684,231.814941,31197.9688,45.4415,19.3855130712,0.0282360303
30.34778886,-97.72430414,234.699097,31240.6621,42.6933,19.4120414497,0.0265283785
30.34761476,-97.72398245,234.699097,31277.0039,36.3418,19.4346231903,0.0225817407
30.34725216,-97.72405847,231.334351,31324.3789,47.375,19.4640606415,0.0294374511
30.34685444,-97.72428872,227.969727,31374.1465,49.7676,19.4949847849,0.0309241433
30.34650927,-97.72453473,230.85376,31419.1934,45.0469,19.5229756222,0.0279908373
30.3461507,-97.72474914,230.373047,31464.0645,44.8711,19.5508572224,0.0278816003
30.34576379,-97.72499825,230.85376,31513.2695,49.205,19.5814317825,0.0305745599
30.34543245,-97.72520704,227.489136,31555.4375,42.168,19.6076337548,0.0262019722
30.34507153,-97.72536898,228.450439,31598.8359,43.3984,19.634600262,0.0269665072
30.34466115,-97.72542514,223.163208,31644.8555,46.0196,19.6631955069,0.0285952449
30.34427944,-97.725386,227.969727,31687.373,42.5175,19.6896146484,0.0264191415
30.34392245,-97.72525063,228.450439,31729.1797,41.8067,19.7155921194,0.025977471
30.34368952,-97.72556872,225.085938,31778.2051,49.0254,19.7460550812,0.0304629618
30.34342582,-97.72597164,225.566528,31827.4609,49.2558,19.7766612069,0.0306061257
30.34308828,-97.72618873,226.527832,31870.3711,42.9102,19.8033243608,0.0266631539
30.34275519,-97.72651889,225.566528,31919.3926,49.0215,19.8337848993,0.0304605384
30.34246283,-97.72691175,220.759888,31968.998,49.6054,19.8646082563,0.0308233569
30.34222646,-97.72725709,222.201782,32011.3555,42.3575,19.8909279784,0.0263197221
30.34195396,-97.72766235,226.527832,32060.8281,49.4726,19.9216688173,0.0307408389
30.34164769,-97.72803568,226.047119,32110.2715,49.4434,19.9523915122,0.0307226949
30.34135692,-97.72839359,222.682495,32157.498,47.2265,19.9817366898,0.0293451775
30.34111359,-97.72872535,222.682495,32199.3066,41.8086,20.0077153413,0.0259786516
30.34089365,-97.72910538,218.83728,32243.4375,44.1309,20.0351370028,0.0274216614
30.34075946,-97.72959354,217.875977,32292.8203,49.3828,20.0658220426,0.0306850398
30.34061898,-97.73006368,216.43396,32340.9336,48.1133,20.095718252,0.0298962093
30.34037313,-97.73037943,216.914673,32381.9219,40.9883,20.1211871929,0.025468941
30.34007968,-97.73057087,216.43396,32419.1738,37.2519,20.1443344433,0.0231472504
30.3396906,-97.73082166,214.03064,32468.4707,49.2969,20.1749661073,0.030631664
30.33931257,-97.73105585,214.03064,32515.8711,47.4004,20.2044193413,0.0294532339
30.33894536,-97.73128618,211.627441,32562.0098,46.1387,20.2330885914,0.0286692501
30.33863925,-97.73149489,210.666016,32601.4023,39.3925,20.2575659486,0.0244773571
30.33829903,-97.73172054,212.108032,32644.8848,43.4825,20.2845847131,0.0270187645
30.33800516,-97.73199345,210.185425,32693.8789,48.9941,20.315028226,0.030443513
30.33768414,-97.73219302,212.108032,32738.6348,44.7559,20.3428382443,0.0278100184
30.33730687,-97.73242814,209.224121,32786.3594,47.7246,20.3724929267,0.0296546824
30.33690998,-97.73262176,207.301392,32834.1484,47.789,20.4021876255,0.0296946987
30.33651972,-97.73269795,208.262817,32878.3047,44.1563,20.4296250697,0.0274374442
30.33608906,-97.73263726,214.03064,32926.5195,48.2148,20.4595843482,0.0299592785
30.33568279,-97.73277364,208.262817,32973.6992,47.1797,20.4889004456,0.0293160975
30.33533913,-97.73298595,208.743408,33017.6836,43.9844,20.5162310762,0.0273306306
30.33496044,-97.73321209,209.224121,33065.0195,47.3359,20.5456442317,0.0294131555
30.33467428,-97.73322215,207.301392,33101.4766,36.4571,20.5682976164,0.0226533847
30.33442223,-97.73282544,205.859497,33149.2227,47.7461,20.5979656583,0.0296680419
30.33419886,-97.73240307,208.262817,33197.6328,48.4101,20.6280462906,0.0300806323
30.33402652,-97.73207107,203.456177,33234.5352,36.9024,20.6509763718,0.0229300812
30.33379569,-97.73166069,199.130127,33281.543,47.0078,20.6801856555,0.0292092837
30.33363048,-97.73120714,202.494873,33329.0156,47.4726,20.7096837524,0.0294980972
30.33343568,-97.73080607,208.262817,33373.0938,44.0782,20.7370726676,0.0273889153
30.33305816,-97.73076952,208.262817,33417.0859,43.9921,20.7644080828,0.0273354152
30.33264276,-97.73082367,203.456177,33463.4688,46.3829,20.7932290717,0.028820989
30.33235794,-97.73088704,202.975464,33495.5508,32.082,20.8131638961,0.0199348245
30.33194304,-97.73102886,203.456177,33543.4766,47.9258,20.8429435984,0.0297797022
30.33162737,-97.73120429,203.93689,33582.2969,38.8203,20.867065407,0.0241218086
30.33130316,-97.7313405,207.301392,33620.6289,38.332,20.8908838002,0.0238183932
30.33092002,-97.73157637,204.898071,33668.7734,48.1445,20.9207993963,0.0299155961
30.33054192,-97.73180603,204.41748,33716.1914,47.418,20.9502635664,0.02946417
30.33022617,-97.73199144,202.494873,33755.4766,39.2852,20.9746742504,0.024410684
30.32989919,-97.7322206,202.494873,33797.9062,42.4296,21.0010387734,0.026364523
30.32957716,-97.7324392,202.975464,33839.332,41.4258,21.0267795642,0.0257407908
30.32919335,-97.73266266,202.975464,33887.1836,47.8516,21.0565131607,0.0297335964
30.32880845,-97.73292627,204.898071,33936.793,49.6094,21.0873390032,0.0308258425
30.32851517,-97.73311738,205.378784,33974.2109,37.4179,21.1105894011,0.023250398
30.32819155,-97.73334646,205.859497,34016.3633,42.1524,21.1367816801,0.026192279
30.32782107,-97.73358199,202.494873,34063.8164,47.4531,21.1662676603,0.0294859801
30.32746299,-97.73376304,199.130127,34107.25,43.4336,21.1932560398,0.0269883794
30.32712805,-97.73397049,200.572266,34149.4062,42.1562,21.2194506799,0.0261946401
30.32677819,-97.73418968,203.456177,34193.4844,44.0782,21.2468395951,0.0273889151
30.32640679,-97.73444457,204.898071,34241.418,47.9336,21.2766241441,0.0297845489
30.32606288,-97.73464523,206.340088,34284.1797,42.7617,21.3031950244,0.0265708804
30.32567622,-97.73490733,206.340088,34333.8828,49.7031,21.3340790893,0.0308840649
30.32532024,-97.73514714,209.224121,34379.6445,45.7617,21.3625140826,0.0284349934
30.3249962,-97.7353872,206.340088,34423.4102,43.7657,21.3897088194,0.0271947367
30.32459714,-97.73560194,205.378784,34472.2383,48.8281,21.4200491847,0.0303403653
30.32422858,-97.73581727,207.301392,34518.3203,46.082,21.4486832031,0.0286340184
30.32395718,-97.73552709,210.666016,34561.1016,42.7813,21.4752662623,0.0265830591
30.32379792,-97.73521638,210.185425,34595.8359,34.7343,21.496849149,0.0215828867
30.32357505,-97.73477339,207.301392,34645.2617,49.4258,21.5275609078,0.0307117589
30.32339886,-97.73435916,210.185425,34689.1992,43.9375,21.5548623961,0.0273014883
30.32324254,-97.73402154,208.743408,34726.0859,36.8867,21.5777827218,0.0229203257
30.32302503,-97.73367746,206.820679,34766.9219,40.836,21.6031570279,0.0253743061
30.32282269,-97.73322375,208.262817,34815.9727,49.0508,21.6336357726,0.0304787447
30.32259277,-97.73280272,202.975464,34863.8672,47.8945,21.6633960259,0.0297602534
30.32244173,-97.73240643,202.014282,34905.8203,41.9531,21.6894644656,0.0260684397
30.32228507,-97.73205657,203.93689,34943.7656,37.9453,21.7130425746,0.023578109
30.32209765,-97.73171056,204.898071,34983.0352,39.2696,21.7374435653,0.0244009905
30.32188249,-97.73129549,203.93689,35029.707,46.6718,21.7664440683,0.029000503
30.32168325,-97.73086483,202.975464,35076.7734,47.0664,21.7956897643,0.0292456961
30.32151955,-97.73056266,202.014282,35111.332,34.5586,21.8171634762,0.0214737119
30.32132559,-97.73011968,202.975464,35159.0312,47.6992,21.8468023758,0.0296388996
30.32115452,-97.72977778,202.494873,35197.0781,38.0469,21.8704436161,0.0236412404
30.32094237,-97.72938819,198.649536,35241.2852,44.2071,21.897912626,0.0274690099
30.32076074,-97.72901209,195.284912,35282.5586,41.2734,21.9235587198,0.0256460938
30.32059955,-97.72862443,192.881714,35323.7734,41.2148,21.9491684013,0.0256096816
30.32042303,-97.72817432,192.401123,35371.4844,47.711,21.9788146331,0.0296462318
30.32019798,-97.72773938,195.284912,35420.0977,48.6133,22.0090215279,0.0302068948
30.32003453,-97.72738474,201.533569,35459.0977,39,22.0332549969,0.024233469
30.31977595,-97.72712968,201.533569,35507,47.9023,22.063020097,0.0297651001
30.31938292,-97.72737963,202.014282,35556.9961,49.9961,22.0940862237,0.0310661267
30.31899853,-97.727644,198.168945,35606.7578,49.7617,22.1250067009,0.0309204772
30.31871933,-97.72782605,199.130127,35642.2734,35.5156,22.1470750648,0.0220683639
30.31838866,-97.72801054,198.168945,35682.9102,40.6368,22.1723255939,0.0252505291
30.31800418,-97.728248,200.572266,35731.3242,48.414,22.2024086495,0.0300830556
30.31771266,-97.72838579,200.091675,35766.4492,35.125,22.2242343059,0.0218256563
30.31748442,-97.72810123,199.61084,35804.2695,37.8203,22.2477347435,0.0235004376
30.31730974,-97.72770242,198.649536,35847.3359,43.0664,22.2744949555,0.026760212
30.3170898,-97.72726388,193.843018,35896.1758,48.8399,22.304842653,0.0303476975
30.31692275,-97.72688342,195.284912,35937.3086,41.1328,22.3304013821,0.0255587291
30.31677556,-97.72651906,195.284912,35975.957,38.6484,22.354416377,0.024014995
30.31659946,-97.72611572,193.843018,36019.5352,43.5782,22.3814946068,0.0270782297
30.31646493,-97.72567324,194.32373,36065.25,45.7148,22.4099004578,0.0284058509
30.31629335,-97.72520746,196.246338,36113.9961,48.7461,22.4401898707,0.0302894129
30.31616813,-97.72483069,195.765625,36154.4531,40.457,22.4653286772,0.0251388067
30.31606704,-97.72448192,189.997681,36189.9375,35.4844,22.4873776543,0.0220489772
30.31599688,-97.72412385,190.958984,36225.3477,35.4102,22.5093805257,0.0220028715
30.31593318,-97.72364097,198.649536,36272.2734,46.9257,22.5385387948,0.0291582692
30.31576395,-97.72318097,202.975464,36321.4219,49.1485,22.5690782474,0.0305394526
30.31558659,-97.72276246,204.41748,36366.4297,45.0078,22.5970447891,0.0279665417
30.315369,-97.72237807,207.301392,36410.6836,44.2539,22.6245428792,0.0274980901
30.31522038,-97.72201806,208.743408,36449.5664,38.8828,22.6487035235,0.0241606443
30.31509197,-97.72171497,208.743408,36482.2344,32.668,22.6690024714,0.0202989478
30.3148634,-97.72132337,207.782104,36527.7773,45.5429,22.6973015087,0.0282990373
30.31468897,-97.72098189,205.378784,36566.1211,38.3438,22.721127234,0.0238257253
30.31448873,-97.72052659,206.340088,36615.2461,49.125,22.7516520844,0.0305248503
30.31428689,-97.72012426,203.93689,36659.9844,44.7383,22.7794511666,0.0277990823
30.3140087,-97.72010934,203.93689,36696.8516,36.8672,22.8023593755,0.022908209
30.31365506,-97.72034545,203.456177,36742.2109,45.3593,22.8305443291,0.0281849536
30.31333186,-97.72056414,203.93689,36783.9375,41.7266,22.8564720283,0.0259276992
30.31300019,-97.72080906,203.456177,36827.6836,43.7461,22.8836545862,0.0271825579
30.31270464,-97.72098365,200.091675,36864.668,36.9844,22.9066356198,0.0229810336
30.31242058,-97.72116336,198.168945,36900.4219,35.7539,22.9288520564,0.0222164366
30.31204658,-97.72141214,197.688232,36948.1875,47.7656,22.9585322151,0.0296801586
30.31167509,-97.72164448,197.20752,36995.0859,46.8984,22.9876735208,0.0291413057
30.31137669,-97.72184196,195.284912,37033.2188,38.1329,23.011368199,0.0236946782
30.31103589,-97.72205478,193.362305,37076.1484,42.9296,23.0380434075,0.0266752085
30.31066675,-97.72229978,195.284912,37123.3203,47.1719,23.0673546581,0.0293112507
30.31028805,-97.72255559,196.246338,37171.8516,48.5313,23.0975106005,0.0301559424
30.30990802,-97.72277252,195.284912,37219.1836,47.332,23.1269213327,0.0294107321
30.30959738,-97.72299254,192.881714,37259.3555,40.1719,23.1518829864,0.0249616537
30.30921366,-97.72325984,191.920288,37309.0859,49.7304,23.1827840148,0.0309010284
30.30884863,-97.72350744,191.439575,37355.9141,46.8282,23.2118817002,0.0290976855
30.3085266,-97.72371565,188.555786,37396.832,40.9179,23.2373068967,0.0254251964
30.30823113,-97.72390282,186.152466,37434.1641,37.3321,23.260503981,0.0231970844
30.30794062,-97.72406878,188.075073,37470.0508,35.8867,23.2828029356,0.0222989547
30.30764423,-97.72426005,189.997681,37507.6992,37.6484,23.3061965596,0.023393624
30.30726126,-97.72452157,184.229858,37556.875,49.1758,23.3367529756,0.0305564161
30.30694007,-97.72470362,177.50061,37596.6836,39.8086,23.3614888852,0.0247359096
30.30662684,-97.72492834,184.710571,37637.4102,40.7266,23.3867952134,0.0253063283
30.30626575,-97.72514996,185.191162,37682.8672,45.457,23.4150408749,0.0282456615
30.30594639,-97.72536823,186.152466,37724.1914,41.3242,23.4407185344,0.0256776594
30.30562486,-97.72557442,188.555786,37765.207,41.0156,23.4662044388,0.0254859044
30.3052792,-97.72579486,189.516968,37809.0781,43.8711,23.4934646681,0.0272602293
30.30494367,-97.72597868,189.997681,37850.3125,41.2344,23.5190865284,0.0256218604
30.30456447,-97.72620927,191.439575,37897.8828,47.5703,23.5486453333,0.0295588049
30.30427395,-97.72639434,189.036377,37934.6836,36.8008,23.5715122832,0.0228669499
30.30389367,-97.72664445,188.075073,37983.1953,48.5117,23.6016560468,0.0301437636
30.30354347,-97.72684017,189.516968,38026.6016,43.4063,23.6286274628,0.0269714159
30.30324809,-97.72700462,187.59436,38063.3555,36.7539,23.6514652704,0.0228378075
30.30299077,-97.72716497,184.710571,38095.8359,32.4804,23.671647649,0.0201823786
30.30261082,-97.72741609,189.516968,38143.9297,48.0938,23.7015317416,0.0298840926
30.30225056,-97.72764375,188.555786,38190.0312,46.1015,23.7301778768,0.0286461351
30.30188788,-97.72788489,191.920288,38235.9688,45.9376,23.7587221692,0.0285442924
30.30148605,-97.72811774,187.59436,38285.7852,49.8164,23.7896766355,0.0309544662
30.30111783,-97.72833953,183.268433,38331.7695,45.9843,23.818249946,0.0285733105
30.30074626,-97.72855804,181.826416,38377.9414,46.1719,23.8469398257,0.0286898797
30.30035659,-97.72880497,181.826416,38427.2852,49.3438,23.877600632,0.0306608064
30.30009189,-97.72896783,181.826416,38460.5859,33.3007,23.8982927213,0.0206920893
30.29979894,-97.7291571,183.268433,38497.8164,37.2305,23.9214266743,0.023133953
30.29950675,-97.72932842,183.749023,38534.1367,36.3203,23.9439950554,0.0225683812
30.29912042,-97.72957603,183.268433,38583.1289,48.9922,23.9744373877,0.0304423322
30.29883502,-97.72975749,183.749023,38619.2266,36.0977,23.9968674517,0.0224300639
30.29845976,-97.72997006,188.075073,38665.5273,46.3007,24.0256373639,0.0287699123
30.29810219,-97.73020492,188.075073,38711.125,45.5977,24.0539704524,0.0283330885
30.29774345,-97.73043676,186.152466,38756.6758,45.5508,24.0822743985,0.0283039461
30.29749777,-97.73059099,182.787842,38787.6484,30.9726,24.101519874,0.0192454754
30.29721346,-97.73079542,183.268433,38824.8164,37.168,24.1246149913,0.0230951173
30.29684977,-97.73102484,182.307129,38870.9336,46.1172,24.153270882,0.0286558907
30.29653754,-97.73120882,180.865234,38909.6328,38.6992,24.1773174426,0.0240465606
30.2962311,-97.73138526,180.384521,38947.7148,38.082,24.200980493,0.0236630504
30.29590295,-97.73163152,179.423218,38991.0352,43.3204,24.2278985333,0.0269180402
30.29554856,-97.73186127,177.981201,39036.0547,45.0195,24.255872345,0.0279738118
30.29522208,-97.73206956,177.02002,39077.4141,41.3594,24.2815718767,0.0256995317
30.2948449,-97.73231213,174.616577,39125.2773,47.8632,24.3113126812,0.0297408045
30.29447098,-97.73254766,174.135864,39172.4219,47.1446,24.3406069684,0.0292942872
30.29420226,-97.73271983,174.616577,39206.5195,34.0976,24.3617942282,0.0211872598
30.29385692,-97.73295192,176.058594,39250.6914,44.1719,24.3892413659,0.0274471376
30.29357186,-97.73313423,177.50061,39286.8633,36.1719,24.4117175356,0.0224761697
30.29317598,-97.73337604,180.865234,39336.625,49.7617,24.4426380129,0.0309204773
30.29290239,-97.73357394,179.903809,39372.4141,35.7891,24.4648763217,0.0222383088
30.29252328,-97.73381727,177.02002,39420.5156,48.1015,24.4947651989,0.0298888772
30.29212824,-97.73405498,174.135864,39470.1797,49.6641,24.5256250304,0.0308598314
30.29190956,-97.73417635,173.655273,39497.1055,26.9258,24.5423559416,0.0167309113
30.29158099,-97.73440266,174.135864,39539.5156,42.4101,24.5687083479,0.0263524062
30.29129332,-97.7345962,173.174683,39576.3203,36.8047,24.5915777211,0.0228693733
30.29099124,-97.73476325,173.174683,39613.4453,37.125,24.6146461195,0.0230683983
30.29068186,-97.73466744,166.445312,39649.2656,35.8203,24.6369038151,0.0222576956
30.29036343,-97.73456929,165.964722,39685.8633,36.5977,24.6596445646,0.0227407495
30.29003972,-97.73458396,168.368042,39721.9023,36.039,24.6820381541,0.0223935894
30.28962649,-97.73465772,165.964722,39768.2852,46.3829,24.710859143,0.028820989
30.28918887,-97.73470894,168.368042,39816.9844,48.6992,24.7411194136,0.0302602706
30.28885578,-97.73465638,174.135864,39854.4766,37.4922,24.7644159794,0.0232965658
30.28856677,-97.73450819,172.69397,39889.6016,35.125,24.7862416358,0.0218256564
30.28829494,-97.7343517,167.406738,39923.3477,33.7461,24.8072104837,0.0209688479
30.28801734,-97.73409203,163.561523,39962.9883,39.6406,24.831842003,0.0246315193
30.28770804,-97.7338451,160.196899,40004.8125,41.8242,24.8578303479,0.025988345
30.28738827,-97.73368182,159.235474,40043.5898,38.7773,24.8819254376,0.0240950897
30.28697153,-97.73362465,164.522705,40090.2109,46.6211,24.9108944371,0.0289689996
30.2865521,-97.73362214,168.368042,40136.8555,46.6446,24.9398780389,0.0289836018
30.28610903,-97.73362432,170.771362,40186.3203,49.4648,24.9706140311,0.0307359923
30.28580275,-97.73366648,174.135864,40220.5742,34.2539,24.9918984112,0.0212843801
30.28540587,-97.73373429,169.810059,40264.9102,44.336,25.0194475159,0.0275491047
30.2849965,-97.73383026,167.887329,40311.2461,46.3359,25.0482393004,0.0287917845
30.28469634,-97.73390553,168.368042,40345.5391,34.293,25.0695479761,0.0213086757
30.28432217,-97.73396848,168.848755,40387.3945,41.8554,25.0955557079,0.0260077318
30.28394432,-97.73401332,164.522705,40429.3867,41.9922,25.1216484432,0.0260927354
30.28365179,-97.73408188,166.445312,40462.2148,32.8281,25.1420468725,0.0203984293
30.28331048,-97.73410485,170.290649,40499.7773,37.5625,25.1653871207,0.0233402482
30.28290303,-97.73401835,164.042114,40545.6953,45.918,25.1939192343,0.0285321135
30.28251202,-97.73377712,157.793579,40594.6016,48.9063,25.2243081908,0.0303889565
30.28214439,-97.73354167,156.832153,40641.0156,46.414,25.2531485044,0.0288403136
30.28183945,-97.73342248,155.390259,40676.6875,35.6719,25.2753139886,0.0221654842
30.28141265,-97.73339918,157.793579,40724.7773,48.0898,25.3051955957,0.0298816072
30.28102214,-97.73351426,161.158203,40768.918,44.1407,25.3326233466,0.0274277509
30.28077973,-97.73370202,162.600098,40801.375,32.457,25.3527911851,0.0201678385
30.28056876,-97.73398323,162.600098,40837.207,35.832,25.3750561508,0.0222649657
30.28043825,-97.73426872,160.67749,40868.3398,31.1328,25.3944011699,0.019345019
30.28033147,-97.73476677,152.506348,40917.8125,49.4727,25.4251420709,0.0307409011
30.28022879,-97.73523347,147.218994,40964.1094,46.2969,25.453909622,0.028767551
30.28006383,-97.73559834,147.218994,41004.5898,40.4804,25.4790629686,0.0251533466
30.27973082,-97.73581627,152.025757,41047.2344,42.6446,25.5055610864,0.0264981178
30.2794253,-97.73599246,167.887329,41084.9688,37.7344,25.5290081482,0.0234470619
30.27908457,-97.73613964,162.600098,41125.2656,40.2968,25.5540474111,0.025039263
30.27880504,-97.73623059,161.158203,41157.5039,32.2383,25.5740793558,0.0200319447
30.27845518,-97.73637249,181.345825,41198.6094,41.1055,25.5996211215,0.0255417656
30.27812962,-97.73649847,170.771362,41236.5625,37.9531,25.6232040772,0.0235829557
30.27779468,-97.73660609,165.964722,41275.1641,38.6016,25.647189992,0.0239859148
30.27738489,-97.73676342,165.484131,41323.1094,47.9453,25.676981811,0.029791819
30.27706856,-97.73684389,177.981201,41359.1133,36.0039,25.6993535903,0.0223717794
30.27675189,-97.73696166,177.02002,41396.1133,37,25.7223443173,0.022990727
30.27647034,-97.73706115,169.810059,41428.5742,32.4609,25.7425145792,0.0201702619
30.27615795,-97.73715268,162.119507,41464.2305,35.6563,25.76467037,0.0221557907
30.27579929,-97.73729182,169.810059,41506.2891,42.0586,25.7908043644,0.0261339943
30.2754558,-97.73743272,174.616577,41546.6641,40.375,25.8158922185,0.0250878541
30.27508146,-97.73756088,166.926025,41590.0586,43.3945,25.8428563023,0.0269640839
30.27474677,-97.73769373,169.329468,41629.3398,39.2812,25.8672645009,0.0244081986
30.27444896,-97.73779289,170.771362,41663.6953,34.3555,25.8886120123,0.0213475114
30.27402459,-97.73793907,173.174683,41712.8008,49.1055,25.9191247459,0.0305127336
30.27366064,-97.73808056,176.539307,41756.3594,43.5586,25.9461907967,0.0270660508
30.27335244,-97.73821559,175.577881,41791.918,35.5586,25.9682858796,0.0220950828
30.27300962,-97.73831433,171.252075,41831.0586,39.1406,25.9926067133,0.0243208338
30.27264509,-97.73843754,189.036377,41873.1719,42.1133,26.0187746967,0.0261679833
30.27232692,-97.73858096,207.782104,41910.9219,37.75,26.0422314519,0.0234567553
30.2720276,-97.73885052,187.11377,41958.2891,47.3672,26.0716640564,0.0294326044
30.27210739,-97.73924296,181.345825,41996.7969,38.5078,26.0955916865,0.0239276302
30.27219423,-97.73961578,181.345825,42034.2617,37.4648,26.1188712268,0.0232795403
30.2723384,-97.74006447,171.252075,42079.6953,45.4336,26.1471023483,0.0282311215
30.27249984,-97.74054064,160.196899,42129.3477,49.6524,26.1779549097,0.0308525615
30.27260235,-97.7410045,155.390259,42175.5938,46.2461,26.2066908951,0.0287359854
30.27232625,-97.74117633,154.909546,42212.2695,36.6757,26.2294801115,0.0227892164
30.27199198,-97.74127725,165.003418,42250.5664,38.2969,26.2532766945,0.023796583
30.27166089,-97.74141286,167.406738,42289.4141,38.8477,26.2774155287,0.0241388341
